0.4429208506767539, 0.31349356340612095, 0.2823159226760615, 0.3521021901359999, 0.32466107073755757, 0.3505116558739013, 
0.4787617239949657, 0.3476527253116412, 0.32037148668703735, 0.3232765192822352, 0.3022677381174028, 0.3302314647234875, 
0.503829981907966, 0.37303594095397924, 0.34985563506610323, 0.30164150661098976, 0.282749692584135, 0.309523231256828, 
0.5241605263154353, 0.39293948161730036, 0.37262170302046205, 0.28275672760041737, 0.26527977970714967, 0.2906123242948921, 
0.5406193331621404, 0.4087383868190822, 0.3904863996165675, 0.26577146233016635, 0.24950054122444415, 0.2734744428941258, 
0.5538097963368076, 0.421306581309908, 0.4046313135459944, 0.2503969723644731, 0.23520171645977958, 0.2579300033280621, 
0.5642544557360949, 0.43126778153279793, 0.41584515989385407, 0.23644339293488947, 0.22221654803787266, 0.24380625758499244, 
0.572388557047874, 0.43908904394637177, 0.42468981289147806, 0.22375478935480408, 0.2104028774603479, 0.23095129205904688, 
0.5785702728139089, 0.4451316790132834, 0.43158585943029826, 0.21219670612717398, 0.1996371237911818, 0.2192321492842207, 
0.5830952835978551, 0.44968228207722816, 0.43685940246020216, 0.20165157058142372, 0.1898109064941377, 0.2085319312077721, 
0.5862095572793445, 0.452972718914058, 0.4407699254286096, 0.19201586270754661, 0.18082863917626868, 0.19874738762010685, 
0.5881194167191809, 0.4551935570924401, 0.4435280293354924, 0.1831980135293941, 0.17260567108934155, 0.18978698564473329, 
0.5889992797485221, 0.45650342435895574, 0.44530731253896916, 0.17511674417404047, 0.16506679718757178, 0.18156934191167398, 
0.5889976111170437, 0.45703573350678367, 0.44625265286540605, 0.16769971298719233, 0.15814503490192933, 0.1740219260946503, 
0.5882415387064671, 0.45690364438605413, 0.4464861732104053, 0.1608823914246832, 0.15178060224430268, 0.16707997247892695, 
0.5868404743226782, 0.4562038096521245, 0.4461116572379335, 0.15460711613855005, 0.14592005261111882, 0.16068555506605414, 
0.5848889875700916, 0.45501925890567296, 0.44521789425966357, 0.14882228045011636, 0.14051553452719534, 0.1547867940314506, 
0.5824691134013031, 0.45342165813134033, 0.4438812637436641, 0.14348163845627884, 0.13552415296815395, 0.1493371695814411, 
0.5796522252418803, 0.45147310681184194, 0.44216776694219917, 0.1385437017267015, 0.13090741459346544, 0.14429492492731422, 
0.5765005709102055, 0.44922758658567646, 0.4401346480789965, 0.13397121319272903, 0.12663074320934012, 0.13962254411439076, 
0.5730685437697745, 0.44673214294799585, 0.43783170520316855, 0.1297306861392537, 0.12266305465217028, 0.13528629336877213, 
0.5694037437016004, 0.44402785940800266, 0.4353023625425641, 0.12579199863371823, 0.1189763824029582, 0.13125581680161458, 
0.5655478695001268, 0.44115066813988046, 0.4325845568655968, 0.1221280355412537, 0.11554554684254809, 0.12750377896523732, 
0.5615374747495551, 0.438132030262598, 0.4297114768801876, 0.11871437166232701, 0.11234786228795735, 0.12400554803598468, 
0.5574046121419367, 0.43499951102573287, 0.4267121851192142, 0.11552899060930452, 0.10936287691328966, 0.12073891440646232, 
0.553177385867902, 0.4317772694277991, 0.423612144840207, 0.11255203489277749, 0.10657214142439651, 0.11768384027447429, 
0.5488804276647942, 0.4284864775264659, 0.42043366938913307, 0.10976558337423634, 0.10395900297355555, 0.11482223646709752, 
0.5445353090052326, 0.42514568149316834, 0.41719630770079796, 0.10715345279910038, 0.1015084213039182, 0.11213776327138707, 
0.5401608995087812, 0.421771114025976, 0.4139171767625373, 0.10470102058240216, 0.09920680452877068, 0.10961565248420507, 
0.5357736797851341, 0.41837696585983836, 0.41061124969849155, 0.10239506640004398, 0.09704186229654453, 0.10724254826193694, 
0.5313880154412648, 0.4149756226574183, 0.40729160646001633, 0.10022363045751342, 0.09500247438310797, 0.10500636466096178, 
0.5270163978132832, 0.4115778724223754, 0.4039696528065062, 0.0981758865773941, 0.09307857299889508, 0.10289615802281833, 
0.5226696560464834, 0.4081930876742941, 0.400655312238481, 0.09624202847625592, 0.09126103730815657, 0.10090201258266421, 
0.5183571443918681, 0.4048293859046438, 0.3973571947344008, 0.09441316779779155, 0.08954159883749499, 0.09901493787261109, 
0.5140869079747846, 0.4014937712547138, 0.3940827454950931, 0.09268124263807424, 0.08791275660596838, 0.09722677665817228, 
0.5098658297910021, 0.39819225988820617, 0.3908383763782014, 0.09103893544507352, 0.08636770094346978, 0.09553012229065046, 
0.5056997612744895, 0.3949299911495086, 0.3876295822820935, 0.08947959930170371, 0.08490024508108071, 0.09391824448427026, 
0.501593638441367, 0.39171132628554, 0.3844610443932581, 0.08799719171264492, 0.08350476369931002, 0.0923850226370292, 
0.4975515853320582, 0.3885399362505845, 0.3813367219273056, 0.0865862151123665, 0.08217613770974289, 0.09092488591091091, 
0.493577006237605, 0.38541887989888257, 0.3782599337589026, 0.08524166339718195, 0.08090970462442906, 0.08953275937217808, 
0.4896726679977742, 0.38235067369052445, 0.3752334311406691, 0.08395897385941638, 0.0797012139368353, 0.08820401556753815, 
0.48584077349112875, 0.3793373538857108, 0.37225946254770403, 0.08273398396824647, 0.07854678699961927, 0.08693443097837762, 
0.4820830272951459, 0.3763805320754746, 0.3693398315470319, 0.08156289250063598, 0.07744288093891033, 0.08572014685412571, 
0.4784006943733645, 0.3734814447892678, 0.36647594847515086, 0.08044222457801357, 0.07638625619309725, 0.08455763397808376, 
0.4747946525428462, 0.37064099782807436, 0.3636688766082457, 0.07936880021075918, 0.07537394730708734, 0.08344366096556471, 
0.47126543938607696, 0.36785980589316947, 0.36091937342547104, 0.07833970599388987, 0.07440323665126708, 0.0823752657356229, 
0.4678132941944484, 0.36513822801313706, 0.3582279274935728, 0.0773522696341805, 0.07347163076852332, 0.08134972983462439, 
0.46443819546372167, 0.3624763992134703, 0.3555947914390136, 0.07640403702184384, 0.0725768390831604, 0.08036455532292949, 
0.46113989440380837, 0.3598742588225635, 0.3530200114200774, 0.07549275158928931, 0.07171675473279375, 0.07941744396548873, 
0.45791794487448584, 0.35733157576394714, 0.35050345346483686, 0.07461633572577518, 0.07088943730868033, 0.07850627849358277, 
0.45477173011422267, 0.3548479711462338, 0.3480448270002712, 0.07377287404031516, 0.07009309731178076, 0.07762910572861177, 
0.45170048659021605, 0.35242293842860367, 0.34564370586232973, 0.0729605982862978, 0.06932608215141817, 0.07678412138006324, 
0.44870332526328216, 0.3500558614100879, 0.3432995470456009, 0.0721778737801982, 0.06858686353094946, 0.0759696563488236, 
0.44577925053075995, 0.34774603026481954, 0.3410117074238344, 0.07142318716373491, 0.06787402608061519, 0.07518416438408558, 
0.4429271770835592, 0.345492655822362, 0.33877945864837594, 0.07069513537406438, 0.06718625711187438, 0.07442621095744285, 
0.44014594488944775, 0.3432948822717538, 0.3366020004101457, 0.06999241570028947, 0.066522337380231, 0.07369446323154573, 
0.4374343324932585, 0.3411517984497304, 0.3344784722317826, 0.06931381681685408, 0.06588113275497008, 0.0729876810130728, 
0.4347910688055659, 0.33906244785735973, 0.3324079639396516, 0.06865821069544392, 0.06526158670447747, 0.07230470859090338, 
0.4322148435342712, 0.3370258375348624, 0.33038952495032503, 0.06802454530694614, 0.06466271351503619, 0.07164446737038122, 
0.42970431639819295, 0.33504094591142525, 0.32842217249265987, 0.06741183803394937, 0.06408359216928211, 0.07100594922355613, 
0.4272581252479932, 0.33310672973521194, 0.3265048988745226, 0.06681916972229571, 0.06352336081795579, 0.0703882104833807, 
0.4248748932073855, 0.3312221301783485, 0.32463667789238226, 0.06624567930741615, 0.06298121178529038, 0.06979036651711465, 
0.42255323493643665, 0.32938607820229565, 0.32281647047227074, 0.06569055895767623, 0.0624563870544059, 0.0692115868207339, 
0.42029176210873154, 0.32759749926058507, 0.321043229621863, 0.06515304968279846, 0.06194817418450108, 0.06865109058202702, 
0.41808908818512247, 0.3258553174083028, 0.3193159047655555, 0.06463243736068212, 0.06145590261651308, 0.06810814266535459, 
0.415943832558618, 0.3241584588808539, 0.31763344552732875, 0.06412804914066508, 0.060978940328299786, 0.06758204997580891, 
0.41385462413759017, 0.32250585519836045, 0.31599480501977795, 0.0636392501855216, 0.060516690804345685, 0.06707215816479203, 
0.41182010442781813, 0.3208964458464672, 0.3143989426919225, 0.06316544071831118, 0.060068590288538566, 0.06657784864288094, 
0.40983893016787004, 0.3193291805792886, 0.31284482678319014, 0.06270605334362905, 0.059634105291754835, 0.06609853586930992, 
0.40790977556687913, 0.31780302138567557, 0.3113314364262586, 0.062260550615898615, 0.05921273032885804, 0.06563366489051327, 
0.4060313341888571, 0.3163169441558683, 0.3098577634371833, 0.061828422830122756, 0.05880398586229454, 0.06518270910296868, 
0.40420232052323984, 0.31486994008187763, 0.30842281382739184, 0.061409186013007926, 0.058407416431786166, 0.06474516821809714, 
0.402421471277342, 0.3134610168215773, 0.30702560906864595, 0.061002380094618114, 0.058022588951703674, 0.06432056640923496, 
0.40068754642276505, 0.31208919945344865, 0.305665187138933, 0.060607567242732516, 0.05764909115957528, 0.06390845062272449, 
0.398999330024522, 0.3107535312461763, 0.3043406033744043, 0.06022433034389196, 0.057286530200866964, 0.06350838903699495, 
0.3973556308786774, 0.30945307426480584, 0.30305093114991266, 0.05985227161674699, 0.05693453133668082, 0.0631199696551436, 
0.39575528298162005, 0.3081869098329391, 0.30179526240838195, 0.05949101134478228, 0.05659273676237566, 0.0627427990180003, 
0.394197145851675, 0.3069541388684145, 0.3005727080571477, 0.05914018671680536, 0.05626080452633174, 0.06237650102597971, 
0.39268010472157355, 0.3057538821080935, 0.2993823982475143, 0.058799450764766135, 0.05593840753917603, 0.06202071585921394, 
0.391203070618338, 0.3045852802357285, 0.29822348255207215, 0.05846847138953292, 0.055625232664766974, 0.06167509898652275, 
0.3897649803453618, 0.3034474939253963, 0.29709513005277366, 0.058146930466200786, 0.055320979885119415, 0.06133932025473673, 
0.3883647963798679, 0.30233970381164504, 0.29599652935138193, 0.05783452302136098, 0.05502536153224182, 0.06101306305074644, 
0.387001506697492, 0.3012611103962947, 0.2949268885126561, 0.05753095647552629, 0.054738101580569076, 0.06069602352942233, 
0.3856741245344395, 0.3002109339007431, 0.2938854349495069, 0.057235949944593925, 0.054458934994310704, 0.060387909901240974, 
0.3843816880965052, 0.299188414071653, 0.29287141525834637, 0.05694923359484445, 0.054187607124607566, 0.0600884417740747, 
0.38312326022319393, 0.2981928099470177, 0.29188409501194107, 0.05667054804652828, 0.053923873151902495, 0.05979734954415781, 
0.3818979280142462, 0.2972233995888094, 0.2909227585162597, 0.056399643821587825, 0.05366749756939156, 0.05951437383174269, 
0.3807048024250261, 0.2962794797877103, 0.2899867085370686, 0.05613628083150879, 0.0534182537038356, 0.059239264957407264, 
0.37954301783647515, 0.29536036574478564, 0.28907526600136935, 0.055880227901693516, 0.05317592327038232, 0.05897178245537721, 
0.37841173160466124, 0.29446539073439115, 0.28818776967817894, 0.05563126232910785, 0.052940295958381935, 0.058711694620587215, 
0.3773101235943389, 0.2935939057520945, 0.28732357584262136, 0.055389169470274544, 0.05271116904547782, 0.05845877808652943, 
0.37623739570040643, 0.292745279150935, 0.2864820579268267, 0.055153742356974726, 0.052488347037520935, 0.058212817431227165, 
0.37519277136065055, 0.2919188962689353, 0.28566260616070416, 0.05492478133727792, 0.052271641332097496, 0.05797360480893303, 
0.37417549506274556, 0.2911141590504163, 0.2848646272052807, 0.054702093739753245, 0.052060869903674395, 0.05774093960538389, 
0.37318483184808543, 0.2903304856633386, 0.284087543780952, 0.05448549355892295, 0.051855857008560664, 0.05751462811465549, 
0.37222006681468395, 0.2895673101146048, 0.2833307942926942, 0.05427480116020661, 0.05165643290805663, 0.05729448323584726, 
0.3712805046210756, 0.2888240818649988, 0.282593832454013, 0.054069843002771914, 0.051462433608318384, 0.05708032418799744, 
0.3703654689928767, 0.28810026544520684, 0.2818761269111673, 0.053870451378859305, 0.051273700615604906, 0.05687197624178001, 
0.3694743022334272, 0.2873953400741635, 0.28117716086899075, 0.05367646416828255, 0.051090080705701174, 0.05666927046667174, 
0.36860636473971997, 0.2867087992807816, 0.28049643171944627, 0.05348772460692922, 0.050911425706423166, 0.05647204349239952, 
0.3677610345246352, 0.2860401505299669, 0.27983345067387866, 0.05330408106819458, 0.05073759229221215, 0.05628013728358895, 
0.3669377067463338, 0.2853889148536768, 0.2791877423997851, 0.05312538685638003, 0.050568441789917054, 0.05609339892663352, 
0.3661357932455122, 0.28475462648765343, 0.2785588446627871, 0.052951500011176135, 0.050403839994945444, 0.055911680427892844, 
0.3653547220910966, 0.28413683251435606, 0.2779463079743769, 0.0527822831224294, 0.050243656997037464, 0.05573483852240882, 
0.3645939371348377, 0.28353509251251696, 0.2773496952459047, 0.05261760315446344, 0.05008776701498352, 0.05556273449240011, 
0.3638528975751683, 0.2829489782136595, 0.2767685814491852, 0.05245733127928993, 0.049936048239666464, 0.05539523399486073, 
0.3631310775305999, 0.2823780731658452, 0.27620255328402343, 0.05230134271810212, 0.04978838268486237, 0.05523220689764659, 
0.36242796562285673, 0.2818219724048478, 0.27565120885289, 0.052149516590496464, 0.04964465604528302, 0.05507352712348689, 
0.3617430645698816, 0.28128028213289713, 0.2751141573429151, 0.05200173577091492, 0.04950475756138708, 0.05491907250140487, 
0.36107589078878793, 0.2807526194050855, 0.2745910187153204, 0.05185788675184286, 0.049368579890525885, 0.054768724625074754, 
0.3604259740087863, 0.28023861182348625, 0.27408142340235797, 0.05171785951333614, 0.04923601898402618, 0.05462236871768164, 
0.3597928568940674, 0.2797378972389977, 0.27358501201179286, 0.051581547398485715, 0.049106973969844, 0.05447989350288497, 
0.35917609467658984, 0.2792501234608925, 0.2731014350389232, 0.051448846994459195, 0.0489813470404533, 0.0543411910815188, 
0.3585752547986879, 0.27877494797402597, 0.2726303525861113, 0.05131965801878768, 0.048859043345659235, 0.0542061568136907, 
0.35798991656539064, 0.27831203766363427, 0.272171434089767, 0.051193883210591616, 0.0487399708900502, 0.054074689205966656, 
0.3574196708063188, 0.2778610685476327, 0.27172435805470896, 0.05107142822646306, 0.04862404043482425, 0.053946689803353966, 
0.35686411954700886, 0.27742172551630806, 0.271288811795808, 0.050952201540742814, 0.048511165403745456, 0.053822063085814595, 
0.3563228756894999, 0.2769937020792863, 0.2708644911868036, 0.050836114349950196, 0.04840126179300369, 0.05370071636906179, 
0.3557955627020041, 0.2765767001196445, 0.27045110041617304, 0.05072308048114094, 0.048294248084767594, 0.053582559709410144, 
0.35528181431747297, 0.2761704296550276, 0.27004835174991954, 0.05061301630398443, 0.0481900451642355, 0.05346750581246552, 
0.35478127424086586, 0.2757746086056228, 0.26965596530114216, 0.05050584064636633, 0.04808857624000254, 0.053355469945456334, 
0.35429359586491815, 0.275388962568841, 0.26927366880624054, 0.050401474713335885, 0.04798976676757477, 0.05324636985302088, 
0.3538184419942043, 0.27501322460054617, 0.26890119740760343, 0.05029984200922924, 0.04789354437587229, 0.05314012567627792, 
0.3533554845772899, 0.2746471350026759, 0.2685382934426285, 0.05020086826281154, 0.04779983879657386, 0.05303665987501909, 
0.3529044044467626, 0.27429044111709144, 0.26818470623891566, 0.05010448135529037, 0.04770858179616504, 0.052935897152871975, 
0.35246489106693324, 0.2739428971254951, 0.267840191915478, 0.050010611251063056, 0.047619707110560516, 0.052837764385292335, 
0.35203664228899956, 0.2736042638552537, 0.26750451318980967, 0.04991918993106823, 0.04753315038217952, 0.05274219055025277, 
0.3516193641134644, 0.2732743085909669, 0.26717743919065645, 0.04983015132862084, 0.04744884909936047, 0.05264910666150298, 
0.35121277045960503, 0.2729528048916202, 0.26685874527632863, 0.04974343126761616, 0.04736674253800775, 0.05255844570428442, 
0.3508165829417906, 0.2726395324131653, 0.26654821285840347, 0.04965896740299598, 0.04728677170537024, 0.052470142573389104, 
0.35043053065244834, 0.2723342767363706, 0.26624562923066175, 0.04957669916337573, 0.047208879285856334, 0.05238413401345832, 
0.3500543499514849, 0.27203682919978933, 0.26595078740310785, 0.04949656769573745, 0.04713300958879637, 0.05230035856142323, 
0.34968778426196767, 0.27174698673769343, 0.2656634859409248, 0.049418515812098586, 0.04705910849806773, 0.05221875649099482, 
0.34933058387188237, 0.2714645517228269, 0.2653835288082174, 0.049342487938071805, 0.046987123423502836, 0.0521392697591153, 
0.3489825057417797, 0.2711893318138319, 0.2651107252164007, 0.049268430063235405, 0.04691700325400465, 0.05206184195428828, 
0.3486433133181344, 0.2709211398072082, 0.26484488947709395, 0.049196289693238304, 0.04684869831229787, 0.0519864182467092, 
0.34831277635224134, 0.27065979349366603, 0.2645858408593836, 0.04912601580356754, 0.04678216031124842, 0.0519129453401215, 
0.34799067072447715, 0.2704051155187399, 0.2643334034513209, 0.049057558794909965, 0.04671734231168657, 0.05184137142532798, 
0.3476767782737645, 0.2701569332475303, 0.26408740602552594, 0.0489908704500432, 0.04665419868167292, 0.05177164613529033, 
0.34737088663207455, 0.2699150786334474, 0.26384768190876945, 0.04892590389219438, 0.04659268505714913, 0.05170372050175311, 
0.34707278906381456, 0.2696793880908314, 0.26361406885541167, 0.048862613544807865, 0.04653275830391824, 0.051637546913331576, 
0.3467822843099464, 0.2694497023713309, 0.26338640892457654, 0.048800955092666604, 0.046474376480902316, 0.05157307907500577, 
0.34649917643668887, 0.26922586644392055, 0.26316454836094666, 0.04874088544431364, 0.04641749880462713, 0.05151027196896592, 
0.3462232746886621, 0.26900772937844514, 0.26294833747906554, 0.048682362695723534, 0.046362085614886625, 0.05144908181675691, 
0.3459543933463337, 0.2687951442325814, 0.262737630551038, 0.04862534609517556, 0.046308098341541676, 0.05138946604267186, 
0.3456923515876337, 0.26858796794210854, 0.2625322856975222, 0.04856979600928259, 0.0462554994724098, 0.051331383238347406, 
0.34543697335360685, 0.26838606121438663, 0.26233216478191185, 0.04851567389013185, 0.04620425252220459, 0.05127479312851504, 
0.3451880872179778, 0.26818928842494016, 0.2621371333076072, 0.04846294224349584, 0.04615432200248552, 0.05121965653786532, 
0.3449455262605054, 0.26799751751705253, 0.26194706031827986, 0.04841156459807329, 0.04610567339258019, 0.05116593535898348, 
0.3447091279440093, 0.2678106199042751, 0.2617618183010374, 0.04836150547572207, 0.046058273111443296, 0.05111359252131674, 
0.34447873399495405, 0.2676284703757624, 0.2615812830923971, 0.048312730362647285, 0.04601208849041763, 0.05106259196113548, 
0.3442541902874799, 0.2674509470043427, 0.2614053337869823, 0.04826520568150992, 0.04596708774686434, 0.05101289859245205, 
0.3440353467307738, 0.2672779310572425, 0.26123385264885557, 0.04821889876442231, 0.045923239958630735, 0.05096447827886244, 
0.34382205715967673, 0.2671093069093787, 0.2610667250254076, 0.04817377782679849, 0.04588051503932558, 0.05091729780627761, 
0.3436141792284269, 0.2669449619591421, 0.260903839263722, 0.048129811942028825, 0.045838883714372794, 0.05087132485651262, 
0.34341157430744296, 0.26678478654659366, 0.26074508662934, 0.04808697101694928, 0.045798317497815946, 0.05082652798170305, 
0.3432141073830529, 0.26662867387399913, 0.2605903612273501, 0.04804522576807749, 0.0457587886698469, 0.05078287657951944, 
0.3430216469600779, 0.2664765199286305, 0.26043955992573214, 0.048004547698588224, 0.0457202702550331, 0.05074034086915166, 
0.3428340649671842, 0.26632822340776424, 0.26029258228088514, 0.04796490907600265, 0.04568273600121906, 0.0506988918680364, 
0.3426512366649174, 0.26618368564580935, 0.26014933046527267, 0.04792628291056625, 0.04564616035907863, 0.05065850136930174, 
0.3424730405563389, 0.2660428105434999, 0.26000970919712085, 0.04788864293429168, 0.04561051846229535, 0.05061914191990413, 
0.34229935830018304, 0.2659055044990886, 0.259873625672106, 0.04785196358064359, 0.04557578610834948, 0.05058078679943408, 
0.3421300746264602, 0.2657716763414822, 0.2597409894969717, 0.04781621996484339, 0.045541939739890715, 0.0505434099995673, 
0.3419650772544315, 0.265641237265257, 0.25961171262501637, 0.04778138786477272, 0.04550895642667675, 0.05050698620413972, 
0.34180425681288157, 0.2655141007675004, 0.25948570929339426, 0.04774744370245548, 0.0454768138480585, 0.05047149076982502, 
0.3416475067626239, 0.2653901825864218, 0.2593628959621759, 0.04771436452609866, 0.0454454902759934, 0.05043689970739437, 
0.3414947233211678, 0.2652694006416795, 0.25924319125511475, 0.047682127992673365, 0.045414964558569255, 0.05040318966353905, 
0.3413458053894841, 0.26515167497637304, 0.2591265159020678, 0.04765071235101788, 0.04538521610402136, 0.05037033790323679, 
0.34120065448080766, 0.2650369277006505, 0.25901279268302174, 0.047620096425445346, 0.04535622486522675, 0.05033832229264416, 
0.3410591746514137, 0.26492508293688216, 0.25890194637367586, 0.047590259599839396, 0.04532797132465946, 0.05030712128249737, 
0.3409212724333115, 0.26481606676635483, 0.2587939036925362, 0.04756118180222168, 0.045300436479791886, 0.05027671389200479, 
0.34078685676879716, 0.26470980717744097, 0.25868859324947435, 0.04753284348977571, 0.04527360182892748, 0.05024707969321514, 
0.34065583894681195, 0.2646062340151993, 0.2585859454957094, 0.0475052256343121, 0.04524744935745069, 0.05021819879584571, 
0.340528132541051, 0.26450527893236414, 0.2584858926751697, 0.04747830970816092, 0.045221961524480644, 0.050190051832555836, 
0.3404036533497729, 0.26440687534168356, 0.2583883687771938, 0.04745207767047728, 0.04519712124991549, 0.050162619944651106, 
0.34028231933725944, 0.2643109583695655, 0.2582933094905319, 0.04742651195394679, 0.04517291190185469, 0.0501358847682044, 
0.3401640505768769, 0.26421746481099423, 0.25820065215860893, 0.04740159545187808, 0.0451493172843874, 0.05010982842058058, 
0.34004876919569305, 0.2641263330856808, 0.25811033573601266, 0.04737731150566998, 0.045126321625734864, 0.05008443348735171, 
0.33993639932060443, 0.26403750319540925, 0.2580223007461712, 0.047353643892641475, 0.04510390956673596, 0.05005968300959055, 
0.3398268670259299, 0.26395091668254705, 0.25793648924018525, 0.0473305768142128, 0.04508206614966474, 0.050035560471530356, 
0.3397201002824272, 0.2638665165896827, 0.25785284475678094, 0.04730809488442679, 0.04506077680736956, 0.05001204978857922, 
0.33961602890769393, 0.2637842474203606, 0.25777131228335237, 0.04728618311879951, 0.04504002735272364, 0.04998913529567809, 
0.3395145845179104, 0.2637040551008804, 0.25769183821806063, 0.047264826923490114, 0.04501980396837758, 0.0499668017359916, 
0.33941570048088787, 0.26362588694312983, 0.25761437033296, 0.04724401208477977, 0.04500009319680389, 0.04994503424992118, 
0.33931931187038383, 0.26354969160842234, 0.2575388577381217, 0.04722372475885009, 0.04498088193062503, 0.04992381836443077, 
0.3392253554216478, 0.26347541907231053, 0.25746525084672617, 0.04720395146185183, 0.044962157403215734, 0.049903139982675135, 
0.33913376948816415, 0.26340302059034665, 0.25739350134109684, 0.0471846790602549, 0.044943907179571446, 0.04988298537392171, 
0.33904449399955633, 0.263332448664765, 0.25732356213964797, 0.047165894761470935, 0.04492611914743451, 0.04986334116375674, 
0.3389574704206205, 0.2632636570120582, 0.2572553873647209, 0.047147586104740166, 0.04490878150867035, 0.049844194324567326, 
0.33887264171145653, 0.26319660053142335, 0.25718893231128376, 0.04712974095227453, 0.04489188277088596, 0.0498255321662905, 
0.33878995228866493, 0.26313123527405285, 0.25712415341646966, 0.04711234748064915, 0.04487541173928329, 0.049807342327421726, 
0.33870934798758057, 0.26306751841324616, 0.2570610082299299, 0.04709539417243469, 0.044859357508740524, 0.049789612766274666, 
0.3386307760255134, 0.26300540821531976, 0.25699945538497965, 0.04707886980806336, 0.04484370945611424, 0.049772331752484626, 
0.33855418496596845, 0.26294486401129274, 0.2569394545705135, 0.047062763457921465, 0.04482845723275596, 0.049755487858748566, 
0.338479524683817, 0.26288584616932564, 0.256880966503669, 0.047047064474661685, 0.044813590757236524, 0.04973906995279436, 
0.3384067463313935, 0.26282831606789303, 0.25682395290321797, 0.04703176248572867, 0.04479910020827213, 0.04972306718957265, 
0.33833580230549215, 0.26277223606966793, 0.2567683764636651, 0.04701684738609135, 0.0447849760178461, 0.04970746900366444, 
0.3382666462152367, 0.26271756949609903, 0.25671420083003355, 0.04700230933117598, 0.04477120886452038, 0.04969226510189832, 
0.3381992328508021, 0.26266428060266106, 0.25666139057331866, 0.04698813872999407, 0.04475778966693143, 0.04967744545617087, 
0.3381335181529619, 0.26261233455476046, 0.2566099111665929, 0.046974326238459096, 0.04474470957746479, 0.049663000296464366, 
0.3380694591834395, 0.2625616974042772, 0.2565597289617409, 0.046960862752886856, 0.04473195997610325, 0.049648920104056006, 
0.33800701409604267, 0.26251233606672575, 0.2565108111668103, 0.04694773940367382, 0.04471953246444348, 0.049635195604913036, 
0.3379461421085562, 0.26246421829901884, 0.2564631258239591, 0.046934947549148245, 0.04470741885987617, 0.049621817763268204, 
0.3378868034753762, 0.2624173126778158, 0.25641664178798484, 0.0469224787695893, 0.0446956111899249, 0.04960877777537058, 
0.337828959460862, 0.2623715885784411, 0.25637132870541857, 0.04691032486140895, 0.04468410168673928, 0.049596067063406336, 
0.3377725723133889, 0.2623270161543566, 0.2563271569941685, 0.0468984778314921, 0.0446728827817377, 0.0495836772695848, 
0.3377176052400808, 0.26228356631717237, 0.25628409782369815, 0.04688692989169045, 0.04466194710039535, 0.0495716002503849, 
0.3376640223822049, 0.2622412107171822, 0.25624212309572497, 0.04687567345346551, 0.044651287457173686, 0.04955982807095739, 
0.33761178879121057, 0.26219992172440854, 0.2562012054254244, 0.04686470112267646, 0.04464089685058673, 0.049548352999678365, 
0.3375608704053951, 0.2621596724101435, 0.2561613181231265, 0.04685400569450893, 0.04463076845840068, 0.04953716750284988, 
0.3375112340271784, 0.2621204365289727, 0.25612243517649075, 0.046843580148540356, 0.04462089563296298, 0.0495262642395432, 
0.33746284730097126, 0.2620821885012683, 0.25608453123314756, 0.04683341764393834, 0.04461127189665695, 0.049515636056580895, 
0.3374156786916206, 0.26204490339613895, 0.2560475815837919, 0.04682351151478795, 0.04460189093747864, 0.04950527598365371, 
0.33736969746341655, 0.2620085569148244, 0.2560115621457187, 0.04681385526554441, 0.04459274660473232, 0.04949517722856827, 
0.33732487365964564, 0.2619731253745228, 0.25597644944678755, 0.04680444256660779, 0.04458383290484123, 0.04948533317262224, 
0.337281178082676, 0.2619385856926381, 0.2559422206098039, 0.04679526725001598, 0.044575143997270444, 0.049475737366103015, 
0.3372385822745598, 0.26190491537143806, 0.2559088533373075, 0.04678632330525272, 0.04456667419055865, 0.0494663835239066, 
0.3371970584981399, 0.2618720924831102, 0.25587632589675585, 0.0467776048751676, 0.044558417938455684, 0.04945726552127343, 
0.3371565797186463, 0.2618400956552062, 0.2558446171060927, 0.04676910625200467, 0.044550369836163055, 0.049448377389637636, 
0.33711711958576973, 0.2618089040564632, 0.2558137063196909, 0.046760821873536765, 0.04454252461667434, 0.0494397133125867, 
0.33707865241619966, 0.2617784973829934, 0.2557835734146598, 0.04675274631930253, 0.044534877147212916, 0.049431267621928454, 
0.3370411531766145, 0.26174885584483093, 0.25575419877750755, 0.04674487430694328, 0.04452742242576416, 0.049423034793862314, 
0.33700459746711176, 0.26171996015282684, 0.2557255632911489, 0.046737200688637084, 0.04452015557769947, 0.049415009445252095, 
0.3369689615050661, 0.2616917915058832, 0.25569764832224845, 0.046729720447627056, 0.04451307185248977, 0.049407186329997216, 
0.336934222109405, 0.26166433157851693, 0.2556704357088919, 0.04672242869484158, 0.04450616662050571, 0.049399560335500026, 
0.33690035668529, 0.2616375625087455, 0.2556439077485759, 0.04671532066560373, 0.04449943536990248, 0.049392126479226174, 
0.33686734320919304, 0.2616114668862841, 0.2556180471865071, 0.04670839171642746, 0.04449287370358669, 0.0493848799053558, 
0.3368351602143579, 0.26158602774104855, 0.25559283720420434, 0.046701637321898276, 0.044486477336263236, 0.04937781588152284, 
0.33680378677663547, 0.2615612285319533, 0.2555682614083933, 0.046695053071635975, 0.04448024209155973, 0.04937092979564018, 
0.336773202500685, 0.261537053135999, 0.25554430382018883, 0.04668863466733719, 0.0444741638992266, 0.049364217152808074, 
0.33674338750652866, 0.2615134858376405, 0.255520948864555, 0.046682377919895615, 0.044468238792410714, 0.04935767357230393, 
0.3367143224164538, 0.2614905113184287, 0.2554981813600364, 0.046676278746597855, 0.044462462905000444, 0.04935129478465085, 
0.3366859883422506, 0.26146811464691816, 0.25547598650875364, 0.046670333168392655, 0.04445683246904032, 0.049345076628763036, 
0.33665836687277767, 0.2614462812688348, 0.2554543498866569, 0.04666453730723165, 0.044451343812213356, 0.04933901504916589, 
0.3366314400618474, 0.2614249969974959, 0.2554332574340282, 0.046658887383479744, 0.04444599335538921, 0.04933310609328877, 
0.336605190416422, 0.26140424800447554, 0.2554126954462293, 0.04665337971339302, 0.044440777610236376, 0.049327345908828514, 
0.33657960088511163, 0.2613840208105102, 0.25539265056468574, 0.04664801070666261, 0.04443569317689672, 0.04932173074118167, 
0.33655465484696895, 0.2613643022766376, 0.2553731097681032, 0.04664277686402257, 0.04443073674172067, 0.049316256930943735, 
0.33653033610056854, 0.26134507959556164, 0.25535406036390795, 0.046637674774920104, 0.04442590507506136, 0.049310920911473544, 
0.33650662885336824, 0.26132634028324003, 0.2553354899799079, 0.046632701115246436, 0.04442119502912624, 0.049305719206521006, 
0.33648351771134083, 0.2613080721706862, 0.2553173865561661, 0.04662785264512666, 0.04441660353588449, 0.04930064842791651, 
0.33646098766887295, 0.2612902633959815, 0.2552997383370828, 0.046623126206767174, 0.04441212760502891, 0.04929570527332042, 
0.3364390240989203, 0.2612729023964918, 0.25528253386368077, 0.04661851872235885, 0.04440776432199069, 0.049290886524031, 
0.3364176127434161, 0.2612559779012827, 0.255265761966086, 0.04661402719203476, 0.04440351084600566, 0.04928618904284912, 
0.33639673970392364, 0.26123947892372895, 0.2552494117562032, 0.0466096486918807, 0.044399364408230654, 0.0492816097719984, 
0.3363763914325286, 0.2612233947543131, 0.2552334726205762, 0.04660538037199746, 0.044395322309908766, 0.04927714573109916, 
0.33635655472296233, 0.26120771495360684, 0.2552179342134322, 0.04660121945461305, 0.044391381920581965, 0.04927279401519484, 
0.3363372167019532, 0.2611924293454326, 0.25520278644990313, 0.0465971632322439, 0.0443875406763501, 0.04926855179282945, 
0.3363183648207979, 0.2611775280101994, 0.25518801949941966, 0.04659320906590357, 0.044383796078174734, 0.049264416304174746, 
0.33629998684714724, 0.26116300127840836, 0.25517362377927444, 0.04658935438335776, 0.04438014569022694, 0.04926038485920567, 
0.33628207085700224, 0.261148839724324, 0.2551595899483488, 0.04658559667742429, 0.04437658713827768, 0.04925645483592304, 
0.33626460522691376, 0.2611350341598072, 0.25514590890100025, 0.04658193350431698, 0.044373118108129675, 0.049252623678621904, 
0.3362475786263803, 0.26112157562830435, 0.2551325717611047, 0.04657836248203233, 0.04436973634408977, 0.04924888889620473, 
0.3362309800104405, 0.2611084553989909, 0.2551195698762513, 0.046574881288777584, 0.044366439647480584, 0.04924524806053781, 
0.336214798612453, 0.2610956649610626, 0.25510689481208454, 0.04657148766143941, 0.04436322587519055, 0.04924169880485018, 
0.336199023937061, 0.26108319601817326, 0.2550945383467911, 0.046568179394091976, 0.04436009293826123, 0.049238238822173645, 
0.33618364575333515, 0.2610710404830133, 0.25508249246572584, 0.04656495433654332, 0.04435703880051096, 0.04923486586382294, 
0.33616865408809093, 0.2610591904720265, 0.25507074935617596, 0.04656181039291919, 0.04435406147719384, 0.0492315777379149, 
0.3361540392193766, 0.26104763830026123, 0.25505930140225713, 0.0465587455202832, 0.04435115903369327, 0.04922837230792574, 
0.336139791670125, 0.2610363764763517, 0.25504814117993996, 0.0465557577272924, 0.04434832958424892, 0.04922524749128533, 
0.33612590220196864, 0.26102539769762817, 0.2550372614522026, 0.04655284507288744, 0.04434557129071638, 0.04922220125800749, 
0.33611236180921106, 0.2610146948453502, 0.255026655164307, 0.04655000566501619, 0.0443428823613587, 0.049219231629355556, 
0.3360991617129502, 0.26100426098006146, 0.25501631543919445, 0.04654723765939027, 0.044340261049668844, 0.04921633667654193, 
0.33608629335535284, 0.26099408933706236, 0.2550062355729987, 0.04654453925827322, 0.04433770565322231, 0.04921351451946118, 
0.33607374839407284, 0.2609841733219979, 0.25499640903067244, 0.04654190870929992, 0.04433521451255913, 0.04921076332545542, 
0.3360615186968123, 0.26097450650655685, 0.25498682944172546, 0.04653934430432605, 0.04433278601009457, 0.049208081308111294, 
0.33604959633601916, 0.2609650826242808, 0.2549774905960702, 0.04653684437830714, 0.04433041856905755, 0.04920546672608787, 
0.3360379735837205, 0.260955895566479, 0.2549683864399734, 0.046534407308206197, 0.04432811065245633, 0.0492029178819743, 
0.33602664290648665, 0.26094693937824687, 0.25495951107210957, 0.046532031511929264, 0.04432586076207064, 0.049200433121176904, 
0.33601559696052213, 0.2609382082545857, 0.2549508587397154, 0.04652971544728822, 0.04432366743746943, 0.049198010830834464, 
0.33600482858688224, 0.2609296965366204, 0.2549424238348414, 0.04652745761099, 0.04432152925505387, 0.049195649438761424, 
0.33599433080680985, 0.2609213987079133, 0.254934200890698, 0.04652525653765177, 0.0443194448271247, 0.04919334741241792, 
0.33598409681719055, 0.26091330939087126, 0.2549261845780951, 0.046523110798841, 0.04431741280097331, 0.049191103257906085, 
0.33597411998612337, 0.2609054233432436, 0.2549183697019711, 0.04652101900214032, 0.04431543185799621, 0.04918891551899214, 
0.33596439384860277, 0.2608977354547093, 0.25491075119801015, 0.04651897979023591, 0.04431350071283185, 0.04918678277615321, 
0.3359549121023111, 0.2608902407435497, 0.25490332412934513, 0.0465169918400294, 0.04431161811251959, 0.04918470364564849, 
0.3359456686035166, 0.2608829343534066, 0.2548960836833439, 0.04651505386177223, 0.044309782835680045, 0.04918267677861418, 
0.33593665736307543, 0.2608758115501211, 0.254889025168477, 0.04651316459822212, 0.044307993691716334, 0.04918070086018132, 
0.335927872542535, 0.26086886771865336, 0.2548821440112648, 0.04651132282382103, 0.04430624952003563, 0.049178774608616214, 
0.3359193084503359, 0.26086209836008023, 0.2548754357533013, 0.04650952734389406, 0.04430454918929056, 0.04917689677448264, 
0.3359109595381099, 0.26085549908866823, 0.2548688960483541, 0.04650777699386863, 0.04430289159663988, 0.04917506613982544, 
0.3359028203970711, 0.2608490656290213, 0.25486252065953696, 0.04650607063851369, 0.04430127566702802, 0.049173281517374844, 
0.3358948857544991, 0.26084279381329983, 0.2548563054565541, 0.04650440717119815, 0.04429970035248282, 0.049171541749770974, 
0.3358871504703104, 0.260836679578511, 0.25485024641301446, 0.04650278551316817, 0.04429816463143124, 0.04916984570880822, 
0.3358796095337169, 0.2608307189638668, 0.2548443396038134, 0.046501204612842933, 0.04429666750803246, 0.049168192294698654, 
0.3358722580599684, 0.26082490810820896, 0.254838581202581, 0.04649966344512815, 0.04429520801152783, 0.04916658043535423, 
0.33586509128717795, 0.2608192432474996, 0.2548329674791945, 0.04649816101074715, 0.0442937851956074, 0.04916500908568722, 
0.3358581045732269, 0.26081372071237435, 0.2548274947973537, 0.04649669633558886, 0.044292398137792524, 0.04916347722692838, 
0.3358512933927485, 0.2608083369257578, 0.25482215961221794, 0.04649526847007233, 0.04429104593883412, 0.049161983865962454, 
0.33584465333418745, 0.2608030884005393, 0.2548169584681021, 0.04649387648852749, 0.04428972772212626, 0.049160528034680524, 
0.33583818009693384, 0.26079797173730684, 0.2548118879962315, 0.04649251948859154, 0.044288442633134535, 0.04915910878934877, 
0.3358318694885291, 0.2607929836221391, 0.25480694491255307, 0.04649119659062059, 0.04428718983883899, 0.049157725209993335, 
0.3358257174219434, 0.26078812082445235, 0.25480212601560176, 0.04648990693711644, 0.04428596852719121, 0.04915637639980066, 
0.33581971991292037, 0.260783380194902, 0.2547974281844212, 0.04648864969216761, 0.04428477790658511, 0.049155061484533115, 
0.33581387307739025, 0.26077875866333755, 0.2547928483765363, 0.04648742404090476, 0.04428361720534115, 0.04915377961195938, 
0.3358081731289474, 0.2607742532368085, 0.2547883836259778, 0.0464862291889698, 0.044282485671203665, 0.049152529951299304, 
0.33580261637639175, 0.2607698609976208, 0.25478403104135555, 0.04648506436199851, 0.04428138257085088, 0.049151311692682845, 
0.33579719922133267, 0.2607655791014429, 0.2547797878039817, 0.04648392880511622, 0.044280307189417376, 0.049150124046622654, 
0.3357919181558522, 0.2607614047754585, 0.2547756511660401, 0.04648282178244626, 0.044279258830028596, 0.04914896624350003, 
0.33578676976022837, 0.2607573353165668, 0.25477161844880275, 0.04648174257663095, 0.04427823681334721, 0.04914783753306393, 
0.33578175070071553, 0.26075336808962774, 0.25476768704089053, 0.04648069048836456, 0.0442772404771309, 0.04914673718394266, 
0.3357768577273804, 0.26074950052575163, 0.25476385439657845, 0.04647966483593827, 0.04427626917580141, 0.04914566448316786, 
0.3357720876719931, 0.2607457301206319, 0.25476011803414306, 0.046478664954796425, 0.04427532228002437, 0.049144618735710584, 
0.33576743744597104, 0.2607420544329199, 0.2547564755342521, 0.046477690197104286, 0.044274399176299925, 0.04914359926402913, 
0.33576290403837467, 0.2607384710826406, 0.25475292453839427, 0.046476739931326484, 0.044273499266563585, 0.04914260540762827, 
0.33575848451395435, 0.2607349777496481, 0.2547494627473488, 0.04647581354181626, 0.0442726219677972, 0.04914163652262966, 
0.33575417601124524, 0.2607315721721206, 0.2547460879196935, 0.046474910428415034, 0.04427176671164984, 0.04914069198135304, 
0.3357499757407115, 0.26072825214509276, 0.2547427978703508, 0.04647403000606215, 0.04427093294406815, 0.04913977117190819, 
0.33574588098293634, 0.2607250155190251, 0.2547395904691697, 0.046473171704414444, 0.04427012012493614, 0.049138873497796956, 
0.33574188908685826, 0.26072186019840987, 0.25473646363954433, 0.04647233496747545, 0.04426932772772404, 0.049137998377525575, 
0.33573799746805133, 0.26071878414041166, 0.25473341535706656, 0.046471519253233964, 0.04426855523914604, 0.049137145244226625, 
0.33573420360704903, 0.26071578535354245, 0.2547304436482131, 0.04647072403331176, 0.044267802158826634, 0.04913631354529063, 
0.3357305050477103, 0.2607128618963699, 0.2547275465890654, 0.04646994879262016, 0.044267067998975514, 0.0491355027420069, 
0.3357268993956266, 0.2607100118762581, 0.2547247223040616, 0.04646919302902536, 0.0442663522840705, 0.049134712309213485, 
0.33572338431656934, 0.26070723344814056, 0.254721968964781, 0.04646845625302211, 0.04426565455054862, 0.04913394173495596, 
0.3357199575349762, 0.26070452481332357, 0.2547192847887572, 0.0464677379874157, 0.044264974346504934, 0.04913319052015484, 
0.33571661683247567, 0.2607018842183198, 0.2547166680383233, 0.046467037767012, 0.04426431123139898, 0.04913245817828135, 
0.33571336004644853, 0.26069930995371143, 0.2547141170194846, 0.046466355138315193, 0.04426366477576858, 0.04913174423504143, 
0.33571018506862627, 0.2606968003530418, 0.2547116300808203, 0.046465689659233374, 0.04426303456095097, 0.049131048228067666, 
0.33570708984372377, 0.2606943537917351, 0.254709205612413, 0.04646504089879128, 0.044262420178810886, 0.04913036970661906, 
0.33570407236810723, 0.26069196868604316, 0.254706842044805, 0.04646440843685049, 0.044261821231475464, 0.04912970823128829, 
0.33570113068849516, 0.2606896434920186, 0.25470453784798053, 0.04646379186383669, 0.04426123733107604, 0.049129063373716475, 
0.3356982629006924, 0.26068737670451414, 0.2547022915303744, 0.04646319078047362, 0.04426066809949622, 0.049128434716315006, 
0.33569546714835574, 0.26068516685620696, 0.25470010163790446, 0.04646260479752398, 0.044260113168126426, 0.049127821851994484, 
0.3356927416217909, 0.26068301251664766, 0.2546979667530299, 0.046462033535536684, 0.04425957217762466, 0.049127224383900464, 
0.33569008455677946, 0.260680912291333, 0.2546958854938319, 0.04646147662460057, 0.04425904477768321, 0.04912664192515584, 
0.3356874942334354, 0.2606788648208021, 0.254693856513118, 0.04646093370410431, 0.04425853062680128, 0.04912607409860979, 
0.3356849689750909, 0.2606768687797557, 0.2546918784975493, 0.04646040442250243, 0.04425802939206346, 0.04912552053659302, 
0.3356825071472094, 0.2606749228761968, 0.25468995016678914, 0.04645988843708709, 0.04425754074892356, 0.04912498088067912, 
0.3356801071563265, 0.26067302585059393, 0.2546880702726732, 0.04645938541376575, 0.04425706438099409, 0.049124454781452054, 
0.33567776744901756, 0.26067117647506444, 0.25468623759840087, 0.04645889502684439, 0.044256599979840945, 0.049123941898279386, 
0.335675486510891, 0.26066937355257924, 0.25468445095774683, 0.04645841695881621, 0.04425614724478334, 0.04912344189909136, 
0.33567326286560706, 0.260667615916187, 0.25468270919429226, 0.04645795090015556, 0.04425570588269866, 0.04912295446016536, 
0.3356710950739212, 0.26066590242825805, 0.25468101118067543, 0.04645749654911732, 0.04425527560783239, 0.04912247926591605, 
0.33566898173275184, 0.26066423197974753, 0.25467935581786166, 0.04645705361154095, 0.04425485614161272, 0.04912201600869054, 
0.3356669214742711, 0.26066260348947634, 0.2546777420344308, 0.04645662180065986, 0.04425444721246985, 0.04912156438856891, 
0.3356649129650186, 0.2606610159034311, 0.25467616878588323, 0.04645620083691532, 0.04425404855565988, 0.0491211241131697, 
0.33566295490503817, 0.2606594681940812, 0.2546746350539634, 0.04645579044777519, 0.044253659913093074, 0.04912069489746022, 
0.33566104602703467, 0.2606579593597132, 0.25467313984599993, 0.04645539036755718, 0.044253281033166544, 0.049120276463571755, 
0.33565918509555426, 0.26065648842378164, 0.2546716821942623, 0.04645500033725653, 0.044252911670601, 0.049119868540619394, 
0.33565737090618325, 0.2606550544342769, 0.2546702611553346, 0.04645462010437809, 0.04425255158628183, 0.04911947086452635, 
0.335655602284768, 0.260653656463108, 0.2546688758095039, 0.0464542494227726, 0.04425220054710395, 0.04911908317785273, 
0.3356538780866549, 0.2606522936055019, 0.25466752526016456, 0.04645388805247706, 0.044251858325820716, 0.04911870522962864, 
0.33565219719594863, 0.2606509649794172, 0.2546662086332377, 0.0464535357595592, 0.04425152470089657, 0.04911833677519147, 
0.33565055852478903, 0.26064966972497267, 0.25466492507660465, 0.04645319231596577, 0.044251199456363445, 0.04911797757602729, 
0.3356489610126473, 0.26064840700389086, 0.25466367375955545, 0.046452857499374764, 0.04425088238168074, 0.049117627399616205, 
0.33564740362563844, 0.26064717599895443, 0.2546624538722504, 0.04645253109305121, 0.04425057327159885, 0.04911728601928163, 
0.33564588535585194, 0.2606459759134775, 0.25466126462519606, 0.04645221288570678, 0.044250271926026125, 0.04911695321404343, 
0.33564440522069916, 0.26064480597078926, 0.2546601052487333, 0.04645190267136279, 0.04424997814989917, 0.049116628768474606, 
0.3356429622622765, 0.26064366541373135, 0.25465897499253937, 0.04645160024921666, 0.0442496917530564, 0.049116312472561666, 
0.33564155554674574, 0.2606425535041671, 0.2546578731251416, 0.046451305423511835, 0.04424941255011485, 0.04911600412156857, 
0.33564018416372865, 0.26064146952250367, 0.25465679893344395, 0.046451018003410866, 0.04424914036034993, 0.04911570351590402, 
0.3356388472257177, 0.2606404127672264, 0.2546557517222651, 0.04645073780287175, 0.04424887500757839, 0.04911541046099205, 
0.3356375438675017, 0.2606393825544438, 0.2546547308138883, 0.04645046464052738, 0.04424861632004412, 0.04911512476714608, 
0.33563627324560497, 0.26063837821744534, 0.2546537355476224, 0.04645019833956798, 0.04424836413030687, 0.04911484624944584, 
0.3356350345377412, 0.26063739910626954, 0.254652765279374, 0.0464499387276266, 0.04424811827513367, 0.04911457472761764, 
0.3356338269422815, 0.26063644458728286, 0.2546518193812308, 0.046449685636667334, 0.044247878595393184, 0.049114310025917526, 
0.335632649677735, 0.26063551404276974, 0.25465089724105433, 0.04644943890287653, 0.044247644935952485, 0.049114051973017415, 
0.3356315019822427, 0.26063460687053236, 0.2546499982620841, 0.046449198366556595, 0.044247417145576645, 0.04911380040189413, 
0.33563038311308435, 0.26063372248350103, 0.254649121862551, 0.04644896387202255, 0.04424719507683067, 0.049113555149721086, 
0.33562929234619754, 0.26063286030935356, 0.2546482674753005, 0.04644873526750115, 0.04424697858598402, 0.049113316057762896, 
0.33562822897570915, 0.26063201979014533, 0.2546474345474258, 0.0464485124050326, 0.044246767532917446, 0.04911308297127251, 
0.3356271923134776, 0.26063120038194754, 0.2546466225399092, 0.046448295140374636, 0.04424656178103234, 0.04911285573939092, 
0.3356261816886483, 0.26063040155449524, 0.254645830927274, 0.046448083332909104, 0.04424636119716207, 0.049112634215049494, 
0.3356251964472183, 0.260629622790844, 0.2546450591972434, 0.046447876845550906, 0.04424616565148586, 0.049112418254874696, 
0.3356242359516136, 0.26062886358703535, 0.2546443068504094, 0.04644767554465919, 0.04424597501744462, 0.04911220771909516, 
0.3356232995802765, 0.2606281234517703, 0.2546435733999092, 0.04644747929995069, 0.044245789171658986, 0.04911200247145122, 
0.33562238672726213, 0.2606274019060912, 0.25464285837111017, 0.04644728798441548, 0.044245607993849405, 0.0491118023791066, 
0.3356214968018476, 0.260626698483072, 0.2546421613013024, 0.04644710147423463, 0.044245431366758244, 0.04911160731256243, 
0.33562062922814845, 0.26062601272751584, 0.2546414817393993, 0.0464469196487, 0.0442452591760738, 0.049111417145573294, 
0.3356197834447463, 0.2606253441956601, 0.25464081924564547, 0.04644674239013606, 0.0442450913103563, 0.04911123175506553, 
0.3356189589043255, 0.2606246924548894, 0.254640173391332, 0.04644656958382372, 0.04424492766096571, 0.049111051021057485, 
0.3356181550733186, 0.26062405708345543, 0.25463954375851905, 0.04644640111792597, 0.04424476812199138, 0.04911087482658183, 
0.33561737143156095, 0.2606234376702041, 0.25463892993976517, 0.04644623688341552, 0.04424461259018343, 0.04911070305760978, 
0.33561660747195404, 0.26062283381430906, 0.25463833153786364, 0.04644607677400413, 0.04424446096488594, 0.049110535602977276, 
0.33561586270013755, 0.2606222451250125, 0.2546377481655852, 0.046445920686073776, 0.04424431314797168, 0.049110372354312974, 
0.33561513663416853, 0.26062167122137203, 0.2546371794454276, 0.046445768518609626, 0.04424416904377865, 0.04911021320596808, 
0.33561442880421044, 0.2606211117320144, 0.25463662500937106, 0.04644562017313451, 0.04424402855904806, 0.049110058054947926, 
0.3356137387522281, 0.26062056629489455, 0.25463608449863995, 0.046445475553645255, 0.04424389160286401, 0.049109906800845274, 
0.3356130660316919, 0.2606200345570617, 0.25463555756347084, 0.04644533456655045, 0.044243758086594524, 0.0491097593457753, 
0.33561241020728827, 0.26061951617443085, 0.254635043862886, 0.046445197120609856, 0.04424362792383427, 0.04910961559431223, 
0.3356117708546381, 0.2606190108115598, 0.2546345430644724, 0.04644506312687535, 0.04424350103034849, 0.049109475453427476, 
0.33561114756002247, 0.26061851814143233, 0.25463405484416707, 0.04644493249863332, 0.04424337732401859, 0.04910933883242953, 
0.3356105399201138, 0.2606180378452463, 0.2546335788860467, 0.04644480515134849, 0.044243256724788856, 0.04910920564290512, 
0.33560994754171597, 0.2606175696122074, 0.2546331148821237, 0.04644468100260921, 0.044243139154614655, 0.04910907579866199, 
0.335609370041509, 0.2606171131393279, 0.25463266253214667, 0.0464445599720741, 0.04424302453741191, 0.04910894921567316, 
0.3356088070458012, 0.2606166681312307, 0.2546322215434059, 0.04644444198141999, 0.04424291279900785, 0.04910882581202243, 
0.3356082581902875, 0.2606162342999579, 0.2546317916305441, 0.04644432695429129, 0.04424280386709298, 0.049108705507851416, 
0.33560772311981346, 0.2606158113647848, 0.25463137251537155, 0.04644421481625049, 0.044242697671174246, 0.049108588225307816, 
0.33560720148814516, 0.26061539905203773, 0.2546309639266862, 0.046444105494729965, 0.044242594142529394, 0.049108473888494965, 
0.3356066929577456, 0.26061499709491714, 0.254630565600098, 0.04644399891898502, 0.04424249321416252, 0.049108362423422806, 
0.3356061971995559, 0.2606146052333252, 0.254630177277858, 0.04644389502004807, 0.044242394820760644, 0.04910825375795987, 
0.33560571389278254, 0.26061422321369687, 0.2546297987086911, 0.04644379373068404, 0.04424229889865146, 0.049108147821786644, 
0.33560524272468933, 0.26061385078883625, 0.2546294296476339, 0.04644369498534673, 0.044242205385762096, 0.04910804454635005, 
0.3356047833903956, 0.2606134877177564, 0.25462906985587586, 0.046443598720136495, 0.04424211422157894, 0.04910794386481902, 
0.3356043355926784, 0.2606131337655234, 0.2546287191006047, 0.04644350487275882, 0.044242025347108485, 0.049107845712041284, 
0.33560389904178023, 0.26061278870310445, 0.25462837715485603, 0.046443413382484, 0.04424193870483907, 0.049107750024501136, 
0.33560347345522173, 0.2606124523072193, 0.2546280437973662, 0.04644332419010781, 0.04424185423870373, 0.04910765674027838, 
0.3356030585576185, 0.260612124360196, 0.254627718812429, 0.04644323723791326, 0.044241771894043866, 0.04910756579900819, 
0.33560265408050344, 0.26061180464982997, 0.2546274019897564, 0.04644315246963307, 0.04424169161757383, 0.04910747714184209, 
0.335602259762152, 0.2606114929692466, 0.2546270931243422, 0.04644306983041345, 0.04424161335734651, 0.0491073907114098, 
0.3356018753474143, 0.2606111891167676, 0.2546267920163293, 0.046442989266778416, 0.04424153706271964, 0.04910730645178213, 
0.3356015005875484, 0.2606108928957801, 0.25462649847088076, 0.04644291072659528, 0.044241462684322996, 0.04910722430843477, 
0.3356011352400603, 0.2606106041146097, 0.25462621229805305, 0.04644283415904085, 0.04424139017402653, 0.049107144228212996, 
0.3356007790685468, 0.26061032258639616, 0.25462593331267375, 0.04644275951456857, 0.04424131948490913, 0.04910706615929727, 
0.3356004318425424, 0.26061004812897287, 0.2546256613342214, 0.04644268674487642, 0.04424125057122831, 0.04910699005116971, 
0.3356000933373703, 0.26060978056474854, 0.2546253961867085, 0.046442615802875654, 0.044241183388390545, 0.04910691585458134, 
0.33559976333399677, 0.2606095197205925, 0.2546251376985682, 0.04644254664266033, 0.044241117892922434, 0.04910684352152026, 
0.3355994416188898, 0.26060926542772267, 0.25462488570254266, 0.0464424792194776, 0.04424105404244258, 0.04910677300518055, 
0.33559912798388036, 0.2606090175215962, 0.25462464003557517, 0.046442413489698735, 0.04424099179563412, 0.049106704259931994, 
0.335598822226028, 0.2606087758418029, 0.25462440053870433, 0.04644234941079088, 0.044240931112218024, 0.0491066372412905, 
0.3355985241474897, 0.26060854023196195, 0.2546241670569615, 0.04644228694128954, 0.04424087195292696, 0.04910657190588937, 
0.33559823355539153, 0.26060831053961997, 0.25462393943927036, 0.046442226040771716, 0.044240814279479956, 0.049106508211451155, 
0.33559795026170375, 0.26060808661615287, 0.25462371753834917, 0.04644216666982977, 0.04424075805455755, 0.04910644611676036, 
0.3355976740831197, 0.2606078683166695, 0.25462350121061533, 0.046442108790045886, 0.044240703241777694, 0.049106385581636734, 
0.3355974048409363, 0.2606076554999179, 0.25462329031609254, 0.04644205236396725, 0.04424064980567219, 0.049106326566909275, 
0.33559714236093924, 0.2606074480281938, 0.2546230847183204, 0.04644199735508177, 0.04424059771166368, 0.04910626903439086, 
0.3355968864732898, 0.2606072457672518, 0.2546228842842658, 0.046441943727794456, 0.04424054692604337, 0.04910621294685356, 
0.335596637012415, 0.26060704858621825, 0.2546226888842372, 0.0464418914474044, 0.044240497415949126, 0.0491061582680045, 
0.33559639381690043, 0.26060685635750624, 0.2546224983918002, 0.04644184048008227, 0.04424044914934422, 0.04910610496246242, 
0.3355961567293861, 0.260606668956734, 0.25462231268369606, 0.04644179079284848, 0.04424040209499664, 0.049106052995734756, 
0.3355959255964639, 0.2606064862626433, 0.25462213163976205, 0.04644174235355178, 0.04424035622245882, 0.04910600233419528, 
0.3355957002685792, 0.26060630815702174, 0.2546219551428532, 0.04644169513084851, 0.044240311502047984, 0.049105952945062425, 
0.3355954805999336, 0.2606061345246259, 0.2546217830787671, 0.04644164909418227, 0.044240267904826894, 0.04910590479637795, 
0.3355952664483904, 0.260605965253107, 0.2546216153361696, 0.04644160421376414, 0.04424022540258516, 0.049105857856986374, 
0.335595057675383, 0.2606058002329377, 0.25462145180652274, 0.04644156046055345, 0.04424018396782093, 0.049105812096514705, 
0.33559485414582507, 0.2606056393573421, 0.2546212923840149, 0.046441517806238924, 0.044240143573723155, 0.049105767485352905, 
0.33559465572802333, 0.26060548252222576, 0.2546211369654918, 0.046441476223220424, 0.044240104194154195, 0.049105723994634615, 
0.3355944622935917, 0.26060532962610883, 0.25462098545039014, 0.04644143568459101, 0.04424006580363289, 0.0491056815962185, 
0.33559427371736916, 0.26060518057006016, 0.2546208377406724, 0.04644139616411958, 0.04424002837731814, 0.04910564026267011, 
0.335594089877338, 0.2606050352576335, 0.2546206937407634, 0.046441357636233895, 0.044239991890992744, 0.04910559996724401, 
0.33559391065454525, 0.260604893594805, 0.2546205533574884, 0.04644132007600402, 0.04423995632104778, 0.04910556068386657, 
0.3355937359330255, 0.26060475548991224, 0.2546204165000129, 0.04644128345912614, 0.044239921644467314, 0.04910552238711904, 
0.33559356559972586, 0.26060462085359487, 0.25462028307978385, 0.04644124776190693, 0.044239887838813496, 0.049105485052221114, 
0.3355933995444333, 0.2606044895987373, 0.2546201530104723, 0.04644121296124816, 0.04423985488221204, 0.0491054486550149, 
0.3355932376597025, 0.2606043616404117, 0.2546200262079175, 0.04644117903463173, 0.0442398227533381, 0.04910541317194924, 
0.3355930798407868, 0.2606042368958232, 0.2546199025900725, 0.04644114596010514, 0.044239791431402414, 0.04910537858006454, 
0.3355929259855706, 0.2606041152842567, 0.25461978207695113, 0.046441113716267246, 0.04423976089613786, 0.04910534485697785, 
0.33559277599450266, 0.2606039967270241, 0.254619664590576, 0.04644108228225448, 0.04423973112778644, 0.049105311980868455, 
0.3355926297705325, 0.26060388114741373, 0.2546195500549283, 0.04644105163772726, 0.04423970210708633, 0.049105279930463666, 
0.33559248721904694, 0.26060376847064076, 0.25461943839589873, 0.04644102176285687, 0.04423967381525955, 0.049105248685025096, 
0.33559234824780915, 0.2606036586237984, 0.25461932954123895, 0.04644099263831264, 0.04423964623399974, 0.049105218224335265, 
0.3355922127668988, 0.26060355153581116, 0.2546192234205154, 0.046440964245249405, 0.044239619345460314, 0.04910518852868443, 
0.3355920806886543, 0.2606034471373886, 0.2546191199650635, 0.04644093656529534, 0.04423959313224297, 0.04910515957885794, 
0.3355919519276154, 0.2606033453609805, 0.2546190191079433, 0.04644090958054006, 0.04423956757738638, 0.049105131356123745, 
0.3355918264004685, 0.26060324614073355, 0.2546189207838961, 0.046440883273523, 0.04423954266435521, 0.04910510384222026, 
0.33559170402599237, 0.26060314941244805, 0.254618824929302, 0.046440857627222165, 0.04423951837702945, 0.049105077019344585, 
0.3355915847250059, 0.2606030551135369, 0.2546187314821394, 0.0464408326250431, 0.04423949469969395, 0.049105050870140936, 
0.33559146842031645, 0.2606029631829848, 0.25461864038194415, 0.046440808250808124, 0.04423947161702831, 0.049105025377689494, 
0.33559135503667037, 0.2606028735613093, 0.25461855156977065, 0.0464407844887459, 0.044239449114096885, 0.04910500052549535, 
0.3355912445007039, 0.2606027861905213, 0.2546184649881541, 0.04644076132348118, 0.044239427176339156, 0.04910497629747792, 
0.33559113674089597, 0.2606027010140887, 0.2546183805810726, 0.04644073874002494, 0.04423940578956033, 0.049104952677960514, 
0.3355910316875218, 0.2606026179768989, 0.25461829829391147, 0.046440716723764555, 0.04423938493992215, 0.04910492965166015, 
0.3355909292726078, 0.2606025370252236, 0.2546182180734278, 0.04644069526045446, 0.044239364613933865, 0.04910490720367771, 
0.33559082942988755, 0.260602458106684, 0.2546181398677157, 0.0464406743362069, 0.04423934479844363, 0.04910488531948832, 
0.33559073209475904, 0.2606023811702167, 0.2546180636261732, 0.04644065393748287, 0.044239325480629886, 0.04910486398493184, 
0.3355906372042427, 0.26060230616604096, 0.25461798929946894, 0.046440634051083465, 0.04423930664799311, 0.04910484318620386, 
0.33559054469694083, 0.2606022330456262, 0.25461791683951096, 0.04644061466414129, 0.044239288288347736, 0.049104822909846656, 
0.3355904545129978, 0.26060216176166084, 0.25461784619941474, 0.04644059576411207, 0.04423927038981422, 0.049104803142740475, 
0.33559036659406116, 0.26060209226802133, 0.25461777733347346, 0.046440577338766664, 0.04423925294081143, 0.049104783872095145, 
0.3355902808832441, 0.2606020245197428, 0.2546177101971285, 0.046440559376183056, 0.04423923593004906, 0.04910476508544169, 
0.33559019732508866, 0.26060195847298967, 0.25461764474693993, 0.04644054186473863, 0.0442392193465204, 0.049104746770624305, 
0.3355901158655295, 0.26060189408502715, 0.2546175809405592, 0.04644052479310273, 0.04423920317949519, 0.04910472891579251, 
0.33559003645185964, 0.260601831314194, 0.25461751873670124, 0.04644050815022928, 0.04423918741851266, 0.04910471150939346, 
0.3355899590326952, 0.2606017701198751, 0.2546174580951179, 0.04644049192534959, 0.04423917205337476, 0.04910469454016446, 
0.3355898835579434, 0.2606017104624756, 0.25461739897657176, 0.04644047610796549, 0.044239157074139626, 0.0491046779971257, 
0.3355898099787692, 0.2606016523033949, 0.25461734134281105, 0.046440460687842466, 0.044239142471115024, 0.04910466186957314, 
0.3355897382475645, 0.2606015956050022, 0.2546172851565448, 0.046440445655003035, 0.0442391282348522, 0.04910464614707157, 
0.33558966831791653, 0.2606015403306114, 0.25461723038141826, 0.04644043099972034, 0.044239114356139725, 0.049104630819447895, 
0.3355896001445784, 0.26060148644445813, 0.25461717698199016, 0.0464404167125118, 0.044239100825997454, 0.04910461587678448, 
0.3355895336834395, 0.2606014339116762, 0.25461712492370914, 0.046440402784133, 0.044239087635670846, 0.04910460130941285, 
0.33558946889149727, 0.26060138269827493, 0.2546170741728916, 0.04644038920557171, 0.044239074776625226, 0.049104587107907285, 
0.33558940572682894, 0.26060133277111763, 0.25461702469670006, 0.04644037596804206, 0.04423906224054028, 0.049104573263078856, 
0.33558934414856484, 0.26060128409789957, 0.2546169764631217, 0.04644036306297883, 0.04423905001930464, 0.04910455976596941, 
0.3355892841168617, 0.26060123664712753, 0.25461692944094766, 0.046440350482031933, 0.0442390381050107, 0.04910454660784578, 
0.33558922559287707, 0.26060119038809926, 0.25461688359975304, 0.04644033821706101, 0.04423902648994944, 0.04910453378019414, 
0.33558916853874377, 0.2606011452908835, 0.254616838909877, 0.046440326260130144, 0.04423901516660546, 0.049104521274714506, 
0.33558911291754584, 0.26060110132630093, 0.25461679534240367, 0.04644031460350272, 0.044239004127652116, 0.04910450908331534, 
0.33558905869329464, 0.2606010584659049, 0.2546167528691434, 0.04644030323963646, 0.04423899336594678, 0.04910449719810834, 
0.3355890058309051, 0.26060101668196334, 0.25461671146261455, 0.04644029216117851, 0.044238982874526205, 0.04910448561140331, 
0.3355889542961737, 0.2606009759474406, 0.25461667109602576, 0.046440281360960664, 0.044238972646602044, 0.04910447431570322, 
0.3355889040557554, 0.26060093623598, 0.2546166317432584, 0.046440270831994784, 0.04423896267555645, 0.049104463303699324, 
0.3355888550771433, 0.2606008975218871, 0.25461659337884984, 0.046440260567468236, 0.04423895295493779, 0.04910445256826644, 
0.33558880732864643, 0.2606008597801124, 0.2546165559779773, 0.04644025056073947, 0.04423894347845642, 0.04910444210245834, 
0.33558876077936994, 0.26060082298623577, 0.25461651951644093, 0.04644024080533378, 0.04423893423998075, 0.04910443189950326, 
0.33558871539919505, 0.2606007871164504, 0.25461648397064895, 0.04644023129493906, 0.044238925233533136, 0.049104421952799515, 
0.3355886711587592, 0.2606007521475474, 0.2546164493176022, 0.046440222023401714, 0.04423891645328606, 0.049104412255911216, 
0.33558862802943734, 0.2606007180569006, 0.2546164155348788, 0.04644021298472273, 0.044238907893558374, 0.04910440280256412, 
0.3355885859833235, 0.2606006848224524, 0.25461638260062047, 0.04644020417305375, 0.04423889954881165, 0.04910439358664158, 
0.3355885449932124, 0.2606006524226989, 0.2546163504935175, 0.0464401955826933, 0.04423889141364652, 0.049104384602180556, 
0.3355885050325821, 0.2606006208366765, 0.25461631919279554, 0.04644018720808313, 0.04423888348279924, 0.04910437584336778, 
0.3355884660755769, 0.260600590043948, 0.2546162886782022, 0.046440179043804555, 0.04423887575113829, 0.04910436730453598, 
0.33558842809699013, 0.26060056002458937, 0.2546162589299933, 0.04644017108457499, 0.04423886821366097, 0.049104358980160245, 
0.33558839107224864, 0.2606005307591773, 0.25461622992892086, 0.04644016332524454, 0.0442388608654903, 0.049104350864854394, 
0.3355883549773962, 0.26060050222877607, 0.25461620165622034, 0.046440155760792634, 0.044238853701871736, 0.04910434295336754, 
0.33558831978907827, 0.2606004744149256, 0.2546161740935984, 0.04644014838632482, 0.044238846718170174, 0.049104335240580686, 
0.33558828548452685, 0.26060044729962945, 0.25461614722322107, 0.046440141197069545, 0.04423883990986691, 0.049104327721503374, 
0.3355882520415458, 0.2606004208653431, 0.2546161210277023, 0.04644013418837513, 0.04423883327255674, 0.049104320391270516, 
0.3355882194384965, 0.2606003950949628, 0.2546160954900929, 0.046440127355706684, 0.04423882680194509, 0.04910431324513919, 
0.3355881876542837, 0.2606003699718143, 0.25461607059386926, 0.04644012069464325, 0.044238820493845255, 0.049104306278485596, 
0.3355881566683421, 0.2606003454796421, 0.25461604632292256, 0.04644011420087489, 0.04423881434417568, 0.04910429948680208, 
0.33558812646062275, 0.260600321602599, 0.25461602266154887, 0.04644010787019991, 0.04423880834895732, 0.0491042928656942, 
0.3355880970115804, 0.2606002983252358, 0.2546159995944385, 0.046440101698522154, 0.04423880250431106, 0.04910428641087785, 
0.33558806830216037, 0.2606002756324913, 0.25461597710666617, 0.04644009568184833, 0.04423879680645522, 0.049104280118176566, 
0.3355880403137871, 0.26060025350968263, 0.25461595518368185, 0.046440089816285446, 0.04423879125170308, 0.04910427398351874, 
0.33558801302835095, 0.2606002319424956, 0.25461593381130054, 0.046440084098038306, 0.04423878583646056, 0.04910426800293508, 
0.3355879864281976, 0.2606002109169756, 0.2546159129756936, 0.04644007852340699, 0.04423878055722379, 0.0491042621725559, 
0.3355879604961158, 0.2606001904195185, 0.2546158926633798, 0.04644007308878453, 0.04423877541057695, 0.04910425648860879, 
0.3355879352153267, 0.2606001704368617, 0.25461587286121645, 0.04644006779065455, 0.04423877039318996, 0.04910425094741603, 
0.33558791056947285, 0.26060015095607586, 0.2546158535563909, 0.046440062625588995, 0.04423876550181645, 0.0491042455453923, 
0.33558788654260774, 0.26060013196455634, 0.2546158347364123, 0.04644005759024589, 0.0442387607332915, 0.04910424027904228, 
0.3355878631191851, 0.260600113450015, 0.2546158163891037, 0.046440052681367174, 0.044238756084529714, 0.04910423514495849, 
0.33558784028404937, 0.2606000954004724, 0.2546157985025937, 0.04644004789577669, 0.04423875155252322, 0.04910423013981903, 
0.3355878180224254, 0.26060007780424993, 0.2546157810653092, 0.04644004323037797, 0.044238747134339645, 0.04910422526038537, 
0.3355877963199093, 0.2606000606499623, 0.2546157640659677, 0.04644003868215235, 0.044238742827120286, 0.0491042205035004, 
0.33558777516245897, 0.2606000439265101, 0.2546157474935702, 0.046440034248157014, 0.044238738628078235, 0.04910421586608622, 
0.3355877545363848, 0.2606000276230728, 0.25461573133739385, 0.046440029925522985, 0.04423873453449657, 0.04910421134514231, 
0.33558773442834106, 0.2606000117291016, 0.2546157155869851, 0.046440025711453406, 0.04423873054372661, 0.04910420693774345, 
0.3355877148253173, 0.26059999623431257, 0.25461570023215285, 0.04644002160322163, 0.044238726653186226, 0.04910420264103794, 
0.33558769571462976, 0.2605999811286801, 0.25461568526296213, 0.04644001759816951, 0.044238722860358085, 0.049104198452245645, 
0.33558767708391324, 0.26059996640243044, 0.25461567066972746, 0.046440013693705616, 0.0442387191627881, 0.04910419436865628, 
0.3355876589211131, 0.26059995204603525, 0.25461565644300654, 0.046440009887303665, 0.04423871555808385, 0.04910419038762766, 
0.3355876412144775, 0.26059993805020554, 0.25461564257359426, 0.04644000617650079, 0.044238712043912956, 0.049104186506583915, 
0.33558762395254965, 0.26059992440588553, 0.25461562905251667, 0.04644000255889597, 0.044238708618001645, 0.04910418272301388, 
0.33558760712416064, 0.2605999111042469, 0.25461561587102527, 0.046439999032148516, 0.04423870527813326, 0.04910417903446949, 
0.3355875907184218, 0.2605998981366831, 0.2546156030205912, 0.046439995593976505, 0.04423870202214679, 0.049104175438564115, 
0.33558757472471845, 0.2605998854948039, 0.25461559049289983, 0.04643999224215534, 0.0442386988479355, 0.04910417193297111, 
0.33558755913270194, 0.26059987317042943, 0.2546155782798454, 0.04643998897451627, 0.04423869575344558, 0.049104168515422236, 
0.3355875439322838, 0.2605998611555855, 0.25461556637352567, 0.046439985788945044, 0.0442386927366748, 0.04910416518370625, 
0.33558752911362894, 0.26059984944249814, 0.25461555476623693, 0.046439982683380496, 0.04423868979567122, 0.049104161935667405, 
0.3355875146671493, 0.26059983802358866, 0.2546155434504689, 0.046439979655813236, 0.044238686928531924, 0.04910415876920412, 
0.3355875005834974, 0.26059982689146866, 0.2546155324188999, 0.04643997670428432, 0.04423868413340176, 0.0491041556822676, 
0.33558748685356093, 0.26059981603893534, 0.2546155216643922, 0.046439973826884015, 0.044238681408472216, 0.04910415267286051, 
0.3355874734684561, 0.26059980545896677, 0.25461551117998743, 0.046439971021750556, 0.044238678751980176, 0.04910414973903566, 
0.33558746041952237, 0.2605997951447175, 0.2546155009589017, 0.04643996828706895, 0.04423867616220679, 0.04910414687889479, 
0.33558744769831667, 0.26059978508951376, 0.25461549099452174, 0.046439965621069765, 0.04423867363747641, 0.049104144090587276, 
0.335587435296608, 0.26059977528684963, 0.2546154812804003, 0.046439963022028026, 0.044238671176155465, 0.04910414137230902, 
0.3355874232063721, 0.26059976573038246, 0.254615471810252, 0.046439960488262044, 0.04423866877665138, 0.0491041387223012, 
0.33558741141978626, 0.2605997564139289, 0.2546154625779495, 0.04643995801813243, 0.04423866643741162, 0.04910413613884918, 
0.33558739992922415, 0.260599747331461, 0.2546154535775191, 0.04643995561004092, 0.044238664156922625, 0.049104133620281404, 
0.3355873887272511, 0.2605997384771021, 0.2546154448031373, 0.0464399532624294, 0.044238661933708845, 0.04910413116496827, 
0.335587377806619, 0.2605997298451232, 0.25461543624912686, 0.046439950973778905, 0.044238659766331796, 0.0491041287713211, 
0.33558736716026205, 0.26059972142993904, 0.254615427909953, 0.0464399487426086, 0.04423865765338913, 0.049104126437791176, 
0.3355873567812916, 0.26059971322610487, 0.25461541978022006, 0.04643994656747485, 0.044238655593513684, 0.049104124162868586, 
0.33558734666299217, 0.26059970522831255, 0.2546154118546679, 0.04643994444697029, 0.04423865358537267, 0.0491041219450814, 
0.3355873367988169, 0.2605996974313872, 0.25461540412816847, 0.046439942379722876, 0.04423865162766676, 0.04910411978299466, 
0.3355873271823836, 0.26059968983028403, 0.25461539659572235, 0.046439940364395034, 0.044238649719129254, 0.049104117675209405, 
0.33558731780746975, 0.2605996824200849, 0.25461538925245597, 0.046439938399682794, 0.044238647858525285, 0.04910411562036185, 
0.3355873086680099, 0.26059967519599525, 0.254615382093618, 0.04643993648431492, 0.04423864604465097, 0.04910411361712244, 
0.3355872997580903, 0.2605996681533408, 0.25461537511457644, 0.04643993461705212, 0.04423864427633267, 0.049104111664195024, 
0.3355872910719462, 0.26059966128756484, 0.25461536831081566, 0.04643993279668622, 0.04423864255242625, 0.049104109760316, 
0.33558728260395715, 0.2605996545942249, 0.25461536167793347, 0.04643993102203939, 0.0442386408718163, 0.04910410790425349, 
0.3355872743486443, 0.2605996480689902, 0.2546153552116381, 0.04643992929196336, 0.04423863923341539, 0.04910410609480659, 
0.33558726630066615, 0.26059964170763883, 0.2546153489077457, 0.04643992760533875, 0.04423863763616343, 0.04910410433080451, 
0.3355872584548154, 0.26059963550605475, 0.2546153427621775, 0.046439925961074234, 0.04423863607902695, 0.0491041026111059, 
0.3355872508060156, 0.2605996294602253, 0.25461533677095716, 0.04643992435810594, 0.044238634560998455, 0.049104100934598056, 
0.3355872433493177, 0.2605996235662387, 0.2546153309302081, 0.04643992279539671, 0.044238633081095706, 0.04910409930019624, 
0.3355872360798971, 0.26059961782028135, 0.2546153252361512, 0.0464399212719354, 0.04423863163836119, 0.049104097706842924, 
0.3355872289930502, 0.26059961221863553, 0.2546153196851023, 0.0464399197867363, 0.04423863023186139, 0.04910409615350717, 
0.33558722208419156, 0.26059960675767674, 0.25461531427346973, 0.046439918338838426, 0.04423862886068628, 0.049104094639183936, 
0.33558721534885105, 0.2605996014338715, 0.2546153089977519, 0.04643991692730497, 0.04423862752394865, 0.0491040931628934, 
0.3355872087826707, 0.2605995962437754, 0.2546153038545354, 0.04643991555122261, 0.04423862622078361, 0.049104091723680354, 
0.3355872023814019, 0.2605995911840301, 0.25461529884049233, 0.04643991420970099, 0.04423862495034797, 0.04910409032061361, 
0.33558719614090293, 0.2605995862513618, 0.2546152939523785, 0.046439912901872105, 0.044238623711819705, 0.04910408895278531, 
0.335587190057136, 0.26059958144257894, 0.2546152891870311, 0.04643991162688975, 0.044238622504397467, 0.04910408761931045, 
0.3355871841261648, 0.26059957675457024, 0.25461528454136684, 0.04643991038392897, 0.04423862132730002, 0.049104086319326216, 
0.33558717834415164, 0.2605995721843022, 0.2546152800123798, 0.04643990917218553, 0.044238620179765736, 0.04910408505199149, 
0.33558717270735544, 0.2605995677288178, 0.2546152755971397, 0.04643990799087541, 0.04423861906105212, 0.04910408381648628, 
0.33558716721212917, 0.26059956338523427, 0.2546152712927897, 0.046439906839234255, 0.04423861797043535, 0.04910408261201114, 
0.3355871618549172, 0.2605995591507412, 0.25461526709654475, 0.04643990571651692, 0.04423861690720976, 0.04910408143778679, 
0.33558715663225314, 0.26059955502259863, 0.2546152630056897, 0.046439904621996986, 0.044238615870687406, 0.04910408029305344, 
0.3355871515407579, 0.2605995509981357, 0.25461525901757776, 0.04643990355496626, 0.04423861486019764, 0.049104079177070416, 
0.33558714657713706, 0.2605995470747483, 0.25461525512962846, 0.04643990251473433, 0.04423861387508662, 0.049104078089115655, 
0.33558714173817916, 0.26059954324989804, 0.25461525133932617, 0.04643990150062814, 0.044238612914716965, 0.049104077028485196, 
0.3355871370207531, 0.2605995395211099, 0.25461524764421845, 0.04643990051199155, 0.04423861197846731, 0.049104075994492825, 
0.33558713242180654, 0.2605995358859715, 0.25461524404191455, 0.046439899548184865, 0.044238611065731834, 0.04910407498646946, 
0.33558712793836404, 0.2605995323421307, 0.2546152405300835, 0.04643989860858448, 0.044238610175919985, 0.04910407400376293, 
0.33558712356752446, 0.26059952888729454, 0.25461523710645323, 0.04643989769258245, 0.044238609308456044, 0.049104073045737356, 
0.33558711930645985, 0.2605995255192276, 0.2546152337688084, 0.046439896799586086, 0.04423860846277873, 0.049104072111772916, 
0.3355871151524132, 0.26059952223575067, 0.2546152305149895, 0.04643989592901761, 0.04423860763834085, 0.049104071201265254, 
0.3355871111026966, 0.26059951903473927, 0.2546152273428914, 0.04643989508031371, 0.04423860683460897, 0.049104070313625285, 
0.33558710715468987, 0.2605995159141222, 0.25461522425046135, 0.04643989425292529, 0.044238606051063084, 0.04910406944827865, 
0.3355871033058386, 0.2605995128718804, 0.25461522123569863, 0.046439893446316965, 0.04423860528719618, 0.049104068604665464, 
0.3355870995536523, 0.2605995099060454, 0.25461521829665257, 0.046439892659966855, 0.04423860454251403, 0.049104067782239885, 
0.3355870958957033, 0.26059950701469825, 0.25461521543142157, 0.04643989189336616, 0.044238603816534786, 0.04910406698046978, 
0.33558709232962475, 0.2605995041959681, 0.25461521263815173, 0.046439891146018895, 0.04423860310878875, 0.049104066198836366, 
0.3355870888531094, 0.26059950144803123, 0.2546152099150356, 0.046439890417441475, 0.04423860241881796, 0.04910406543683392, 
0.3355870854639077, 0.2605994987691096, 0.2546152072603114, 0.046439889707162486, 0.04423860174617599, 0.04910406469396938, 
0.3355870821598269, 0.26059949615747, 0.25461520467226145, 0.046439889014722374, 0.044238601090427626, 0.049104063969762114, 
0.335587078938729, 0.26059949361142243, 0.2546152021492111, 0.046439888339673115, 0.0442386004511486, 0.04910406326374354, 
0.3355870757985301, 0.26059949112931957, 0.25461519968952795, 0.04643988768157792, 0.044238599827925246, 0.04910406257545683, 
0.33558707273719807, 0.2605994887095555, 0.25461519729162047, 0.04643988704001097, 0.04423859922035432, 0.049104061904456646, 
0.3355870697527523, 0.2605994863505645, 0.25461519495393714, 0.04643988641455718, 0.04423859862804275, 0.04910406125030884, 
0.33558706684326184, 0.26059948405082034, 0.25461519267496535, 0.046439885804811856, 0.04423859805060725, 0.04910406061259016, 
0.3355870640068442, 0.2605994818088349, 0.2546151904532308, 0.046439885210380456, 0.04423859748767422, 0.04910405999088797, 
0.3355870612416639, 0.2605994796231576, 0.2546151882872956, 0.04643988463087839, 0.044238596938879424, 0.049104059384800024, 
0.3355870585459319, 0.2605994774923742, 0.2546151861757586, 0.046439884065930706, 0.044238596403867785, 0.049104058793934154, 
0.33558705591790416, 0.26059947541510614, 0.2546151841172535, 0.04643988351517184, 0.04423859588229311, 0.04910405821790807, 
0.33558705335588, 0.2605994733900093, 0.2546151821104483, 0.04643988297824545, 0.04423859537381795, 0.049104057656349044, 
0.33558705085820195, 0.26059947141577333, 0.25461518015404466, 0.04643988245480413, 0.044238594878113296, 0.04910405710889374, 
0.3355870484232537, 0.2605994694911208, 0.2546151782467766, 0.046439881944509195, 0.0442385943948584, 0.04910405657518795, 
0.33558704604945994, 0.26059946761480657, 0.2546151763874102, 0.046439881447030484, 0.04423859392374062, 0.04910405605488634, 
0.33558704373528475, 0.2605994657856165, 0.25461517457474236, 0.04643988096204607, 0.044238593464455085, 0.04910405554765226, 
0.33558704147923074, 0.2605994640023671, 0.2546151728076002, 0.04643988048924221, 0.044238593016704644, 0.04910405505315751, 
0.3355870392798382, 0.26059946226390457, 0.2546151710848404, 0.046439880028312945, 0.0442385925801996, 0.04910405457108215, 
0.3355870371356841, 0.260599460569104, 0.2546151694053482, 0.04643987957896007, 0.04423859215465751, 0.04910405410111426, 
0.3355870350453811, 0.2605994589168689, 0.25461516776803694, 0.046439879140892835, 0.044238591739803046, 0.04910405364294976, 
0.33558703300757664, 0.2605994573061302, 0.25461516617184726, 0.04643987871382778, 0.04423859133536776, 0.04910405319629218, 
0.3355870310209523, 0.26059945573584564, 0.2546151646157463, 0.04643987829748859, 0.044238590941090006, 0.049104052760852564, 
0.33558702908422255, 0.26059945420499936, 0.2546151630987274, 0.046439877891605884, 0.044238590556714634, 0.04910405233634912, 
0.33558702719613437, 0.2605994527126006, 0.2546151616198088, 0.04643987749591705, 0.04423859018199297, 0.049104051922507226, 
0.3355870253554661, 0.2605994512576839, 0.25461516017803365, 0.046439877110166054, 0.04423858981668257, 0.04910405151905909, 
0.33558702356102665, 0.26059944983930783, 0.2546151587724691, 0.04643987673410331, 0.04423858946054705, 0.049104051125743675, 
0.3355870218116552, 0.26059944845655475, 0.25461515740220575, 0.046439876367485505, 0.04423858911335596, 0.04910405074230649, 
0.3355870201062197, 0.2605994471085299, 0.254615156066357, 0.046439876010075404, 0.04423858877488469, 0.04910405036849945, 
0.3355870184436167, 0.2605994457943611, 0.25461515476405844, 0.046439875661641775, 0.04423858844491422, 0.0491040500040807, 
0.33558701682277053, 0.26059944451319805, 0.2546151534944675, 0.046439875321959145, 0.04423858812323107, 0.04910404964881441, 
0.33558701524263235, 0.2605994432642118, 0.2546151522567628, 0.046439874990807754, 0.04423858780962707, 0.04910404930247074, 
0.3355870137021798, 0.2605994420465943, 0.2546151510501434, 0.04643987466797333, 0.044238587503899335, 0.049104048964825606, 
0.33558701220041626, 0.2605994408595575, 0.25461514987382855, 0.04643987435324699, 0.044238587205850055, 0.04910404863566053, 
0.3355870107363699, 0.2605994397023335, 0.2546151487270572, 0.0464398740464251, 0.04423858691528637, 0.04910404831476254, 
0.3355870093090934, 0.26059943857417356, 0.2546151476090874, 0.04643987374730914, 0.04423858663202027, 0.04910404800192399, 
0.33558700791766344, 0.2605994374743476, 0.2546151465191957, 0.04643987345570555, 0.044238586355868484, 0.04910404769694248, 
0.3355870065611797, 0.2605994364021442, 0.25461514545667696, 0.04643987317142568, 0.044238586086652334, 0.04910404739962066, 
0.33558700523876445, 0.26059943535686947, 0.25461514442084365, 0.046439872894285576, 0.04423858582419763, 0.049104047109766166, 
0.335587003949562, 0.26059943433784716, 0.25461514341102565, 0.04643987262410593, 0.04423858556833455, 0.04910404682719145, 
0.3355870026927382, 0.2605994333444178, 0.2546151424265696, 0.046439872360711926, 0.044238585318897544, 0.0491040465517137, 
0.3355870014674801, 0.26059943237593886, 0.25461514146683834, 0.04643987210393315, 0.044238585075725236, 0.049104046283154665, 
0.33558700027299454, 0.26059943143178343, 0.25461514053121104, 0.046439871853603445, 0.04423858483866027, 0.04910404602134055, 
0.335586999108509, 0.2605994305113408, 0.25461513961908233, 0.046439871609560854, 0.04423858460754926, 0.04910404576610198, 
0.3355869979732697, 0.2605994296140154, 0.254615138729862, 0.04643987137164745, 0.04423858438224266, 0.04910404551727379, 
0.33558699686654236, 0.2605994287392265, 0.2546151378629747, 0.046439871139709314, 0.04423858416259471, 0.049104045274695, 
0.33558699578761075, 0.2605994278864082, 0.2546151370178595, 0.04643987091359637, 0.04423858394846329, 0.04910404503820866, 
0.33558699473577686, 0.2605994270550087, 0.25461513619396964, 0.046439870693162334, 0.04423858373970984, 0.04910404480766174, 
0.33558699371036005, 0.26059942624449006, 0.254615135390772, 0.04643987047826456, 0.044238583536199305, 0.04910404458290508, 
0.3355869927106969, 0.2605994254543278, 0.25461513460774693, 0.046439870268764005, 0.04423858333779998, 0.04910404436379323, 
0.3355869917361407, 0.26059942468401076, 0.25461513384438783, 0.046439870064525116, 0.04423858314438352, 0.04910404415018445, 
0.3355869907860607, 0.2605994239330405, 0.2546151331002006, 0.04643986986541575, 0.044238582955824765, 0.049104043941940526, 
0.33558698985984214, 0.260599423200931, 0.25461513237470396, 0.046439869671307074, 0.04423858277200174, 0.049104043738926705, 
0.33558698895688593, 0.2605994224872086, 0.25461513166742833, 0.046439869482073494, 0.044238582592795464, 0.04910404354101164, 
0.33558698807660775, 0.2605994217914116, 0.2546151309779161, 0.04643986929759257, 0.044238582418090006, 0.04910404334806726, 
0.335586987218438, 0.2605994211130898, 0.25461513030572125, 0.04643986911774495, 0.044238582247772336, 0.04910404315996875, 
0.33558698638182144, 0.26059942045180423, 0.2546151296504087, 0.046439868942414246, 0.044238582081732244, 0.049104042976594375, 
0.3355869855662167, 0.26059941980712703, 0.25461512901155464, 0.04643986877148702, 0.0442385819198623, 0.049104042797825515, 
0.3355869847710962, 0.2605994191786411, 0.2546151283887455, 0.046439868604852705, 0.04423858176205778, 0.04910404262354648, 
0.3355869839959454, 0.26059941856593977, 0.2546151277815784, 0.04643986844240344, 0.044238581608216546, 0.049104042453644525, 
0.33558698324026265, 0.2605994179686266, 0.2546151271896605, 0.04643986828403415, 0.0442385814582391, 0.0491040422880097, 
0.3355869825035591, 0.26059941738631515, 0.25461512661260877, 0.04643986812964235, 0.04423858131202837, 0.049104042126534846, 
0.3355869817853581, 0.26059941681862864, 0.2546151260500499, 0.046439867979128135, 0.04423858116948977, 0.049104041969115476, 
0.335586981085195, 0.2605994162651997, 0.25461512550161985, 0.046439867832394136, 0.04423858103053106, 0.04910404181564974, 
0.33558698040261664, 0.26059941572567036, 0.25461512496696376, 0.04643986768934541, 0.04423858089506234, 0.04910404166603835, 
0.3355869797371815, 0.26059941519969143, 0.25461512444573575, 0.046439867549889394, 0.04423858076299597, 0.049104041520184494, 
0.33558697908845886, 0.2605994146869226, 0.25461512393759855, 0.046439867413935854, 0.04423858063424648, 0.04910404137799379, 
0.3355869784560292, 0.2605994141870321, 0.2546151234422233, 0.04643986728139682, 0.04423858050873057, 0.04910404123937425, 
0.33558697783948316, 0.2605994136996965, 0.2546151229592896, 0.04643986715218654, 0.04423858038636702, 0.04910404110423618, 
0.33558697723842174, 0.26059941322460056, 0.2546151224884849, 0.046439867026221424, 0.04423858026707669, 0.04910404097249215, 
0.3355869766524563, 0.2605994127614367, 0.25461512202950465, 0.04643986690341996, 0.04423858015078236, 0.049104040844056916, 
0.33558697608120747, 0.26059941230990535, 0.2546151215820518, 0.0464398667837027, 0.04423858003740879, 0.04910404071884737, 
0.33558697552430566, 0.2605994118697143, 0.25461512114583673, 0.046439866666992166, 0.04423857992688265, 0.04910404059678249, 
0.33558697498139073, 0.26059941144057885, 0.25461512072057746, 0.04643986655321286, 0.044238579819132394, 0.04910404047778332, 
0.3355869744521113, 0.2605994110222213, 0.25461512030599875, 0.046439866442291144, 0.044238579714088316, 0.049104040361772835, 
0.3355869739361248, 0.26059941061437086, 0.25461511990183217, 0.046439866334155255, 0.044238579611682455, 0.04910404024867599, 
0.3355869734330974, 0.26059941021676364, 0.2546151195078164, 0.046439866228735235, 0.044238579511848536, 0.0491040401384196, 
0.33558697294270373, 0.2605994098291425, 0.2546151191236965, 0.04643986612596289, 0.044238579414522, 0.04910404003093235, 
0.33558697246462643, 0.2605994094512566, 0.2546151187492238, 0.04643986602577169, 0.04423857931963983, 0.04910403992614466, 
0.33558697199855625, 0.26059940908286144, 0.25461511838415624, 0.04643986592809682, 0.044238579227140674, 0.04910403982398876, 
0.3355869715441915, 0.2605994087237186, 0.2546151180282573, 0.046439865832875085, 0.04423857913696465, 0.04910403972439852, 
0.33558697110123825, 0.26059940837359574, 0.25461511768129697, 0.04643986574004487, 0.044238579049053414, 0.049104039627309526, 
0.33558697066940996, 0.26059940803226633, 0.25461511734305065, 0.04643986564954611, 0.0442385789633501, 0.04910403953265894, 
0.3355869702484272, 0.2605994076995095, 0.2546151170132995, 0.04643986556132025, 0.04423857887979925, 0.049104039440385536, 
0.3355869698380175, 0.26059940737511006, 0.25461511669183007, 0.04643986547531022, 0.04423857879834679, 0.049104039350429604, 
0.33558696943791533, 0.26059940705885787, 0.2546151163784345, 0.04643986539146035, 0.044238578718940054, 0.04910403926273295, 
0.3355869690478618, 0.2605994067505485, 0.2546151160729099, 0.04643986530971639, 0.04423857864152764, 0.04910403917723881, 
0.3355869686676047, 0.26059940644998236, 0.25461511577505863, 0.046439865230025454, 0.04423857856605945, 0.04910403909389189, 
0.33558696829689777, 0.2605994061569651, 0.25461511548468807, 0.04643986515233599, 0.04423857849248668, 0.049104039012638254, 
0.33558696793550136, 0.26059940587130703, 0.25461511520161023, 0.04643986507659771, 0.044238578420761704, 0.049104038933425326, 
0.33558696758318146, 0.26059940559282335, 0.2546151149256419, 0.04643986500276162, 0.04423857835083811, 0.04910403885620185, 
0.33558696723971015, 0.26059940532133385, 0.2546151146566047, 0.04643986493077996, 0.04423857828267068, 0.04910403878091786, 
0.3355869669048652, 0.26059940505666285, 0.2546151143943243, 0.046439864860606125, 0.044238578216215296, 0.049104038707524666, 
0.33558696657843, 0.2605994047986392, 0.2546151141386313, 0.04643986479219473, 0.04423857815142896, 0.049104038635974755, 
0.3355869662601934, 0.26059940454709585, 0.25461511388936003, 0.04643986472550152, 0.04423857808826976, 0.049104038566221836, 
0.33558696594994936, 0.2605994043018701, 0.2546151136463493, 0.04643986466048332, 0.04423857802669681, 0.0491040384982208, 
0.3355869656474972, 0.26059940406280335, 0.2546151134094419, 0.04643986459709808, 0.04423857796667029, 0.04910403843192762, 
0.3355869653526412, 0.2605994038297408, 0.2546151131784844, 0.04643986453530476, 0.044238577908151354, 0.049104038367299416, 
0.3355869650651906, 0.26059940360253164, 0.25461511295332756, 0.046439864475063417, 0.04423857785110214, 0.04910403830429437, 
0.33558696478495936, 0.2605994033810289, 0.2546151127338256, 0.04643986441633505, 0.04423857779548572, 0.049104038242871705, 
0.3355869645117663, 0.2605994031650893, 0.2546151125198364, 0.04643986435908165, 0.04423857774126613, 0.049104038182991694, 
0.33558696424543455, 0.26059940295457307, 0.25461511231122175, 0.046439864303266194, 0.04423857768840828, 0.049104038124615584, 
0.33558696398579174, 0.260599402749344, 0.2546151121078464, 0.04643986424885256, 0.04423857763687798, 0.04910403806770561, 
0.33558696373266994, 0.26059940254926933, 0.25461511190957886, 0.04643986419580554, 0.044238577586641875, 0.049104038012224946, 
0.33558696348590544, 0.2605994023542196, 0.2546151117162909, 0.04643986414409082, 0.04423857753766747, 0.0491040379581377, 
0.33558696324533843, 0.26059940216406857, 0.25461511152785743, 0.04643986409367491, 0.04423857748992305, 0.04910403790540886, 
0.33558696301081337, 0.2605994019786933, 0.2546151113441566, 0.04643986404452523, 0.044238577443377766, 0.04910403785400432, 
0.3355869627821784, 0.2605994017979737, 0.2546151111650694, 0.046439863996609945, 0.044238577398001466, 0.049104037803890825, 
0.3355869625592858, 0.26059940162179296, 0.25461511099048, 0.046439863949898075, 0.04423857735376482, 0.049104037755035954, 
0.33558696234199115, 0.2605994014500371, 0.25461511082027555, 0.04643986390435938, 0.044238577310639175, 0.049104037707408066, 
0.33558696213015393, 0.26059940128259496, 0.2546151106543458, 0.0464398638599644, 0.04423857726859664, 0.04910403766097638, 
0.335586961923637, 0.26059940111935814, 0.2546151104925834, 0.046439863816684426, 0.04423857722761003, 0.04910403761571085, 
0.33558696172230695, 0.26059940096022105, 0.2546151103348837, 0.04643986377449143, 0.0442385771876528, 0.04910403757158215, 
0.33558696152603323, 0.26059940080508076, 0.25461511018114474, 0.04643986373335812, 0.04423857714869912, 0.049104037528561774, 
0.335586961334689, 0.2605994006538368, 0.2546151100312669, 0.04643986369325789, 0.04423857711072376, 0.04910403748662186, 
0.3355869611481505, 0.26059940050639147, 0.2546151098851534, 0.046439863654164804, 0.04423857707370217, 0.049104037445735285, 
0.3355869609662969, 0.2605994003626492, 0.2546151097427095, 0.04643986361605354, 0.04423857703761039, 0.04910403740587559, 
0.3355869607890107, 0.2605994002225171, 0.2546151096038431, 0.046439863578899454, 0.044238577002425054, 0.04910403736701699, 
0.335586960616177, 0.26059940008590443, 0.2546151094684644, 0.046439863542678504, 0.04423857696812342, 0.04910403732913432, 
0.3355869604476841, 0.2605993999527228, 0.25461510933648573, 0.04643986350736724, 0.044238576934683284, 0.049104037292203084, 
0.33558696028342294, 0.26059939982288616, 0.2546151092078218, 0.04643986347294285, 0.04423857690208299, 0.04910403725619939, 
0.3355869601232873, 0.26059939969631035, 0.2546151090823894, 0.046439863439383035, 0.044238576870301485, 0.04910403722109995, 
0.3355869599671735, 0.26059939957291356, 0.25461510896010714, 0.046439863406666074, 0.04423857683931816, 0.049104037186882034, 
0.33558695981498055, 0.2605993994526159, 0.25461510884089605, 0.04643986337477081, 0.044238576809113, 0.04910403715352351, 
0.33558695966660995, 0.26059939933533954, 0.254615108724679, 0.04643986334367661, 0.04423857677966645, 0.049104037121002794, 
0.3355869595219657, 0.2605993992210086, 0.2546151086113808, 0.04643986331336335, 0.04423857675095946, 0.04910403708929885, 
0.33558695938095423, 0.2605993991095491, 0.25461510850092806, 0.04643986328381142, 0.04423857672297346, 0.04910403705839116, 
0.3355869592434843, 0.260599399000889, 0.2546151083932494, 0.0464398632550017, 0.04423857669569034, 0.049104037028259745, 
0.3355869591094669, 0.26059939889495787, 0.2546151082882751, 0.04643986322691554, 0.04423857666909244, 0.04910403699888507, 
0.3355869589788155, 0.26059939879168725, 0.25461510818593724, 0.04643986319953476, 0.04423857664316255, 0.049104036970248136, 
0.3355869588514454, 0.2605993986910103, 0.25461510808616966, 0.04643986317284167, 0.0442385766178839, 0.049104036942330447, 
0.3355869587272743, 0.2605993985928619, 0.25461510798890774, 0.046439863146818985, 0.044238576593240125, 0.04910403691511392, 
0.3355869586062218, 0.26059939849717856, 0.2546151078940887, 0.046439863121449876, 0.0442385765692153, 0.04910403688858093, 
0.33558695848820946, 0.26059939840389823, 0.254615107801651, 0.046439863096717895, 0.04423857654579385, 0.04910403686271433, 
0.33558695837316116, 0.26059939831296075, 0.25461510771153484, 0.04643986307260708, 0.04423857652296065, 0.049104036837497374, 
0.33558695826100227, 0.26059939822430717, 0.25461510762368206, 0.04643986304910182, 0.0442385765007009, 0.049104036812913754, 
0.3355869581516603, 0.26059939813788013, 0.25461510753803573, 0.046439863026186884, 0.04423857647900021, 0.049104036788947564, 
0.33558695804506444, 0.26059939805362375, 0.25461510745454036, 0.046439863003847476, 0.04423857645784454, 0.049104036765583274, 
0.33558695794114574, 0.26059939797148346, 0.25461510737314197, 0.04643986298206912, 0.044238576437220206, 0.0491040367428058, 
0.335586957839837, 0.2605993978914062, 0.254615107293788, 0.04643986296083774, 0.04423857641711386, 0.04910403672060039, 
0.3355869577410727, 0.2605993978133401, 0.254615107216427, 0.04643986294013959, 0.04423857639751248, 0.04910403669895267, 
0.33558695764478885, 0.26059939773723456, 0.25461510714100893, 0.046439862919961286, 0.04423857637840341, 0.049104036677848635, 
0.33558695755092327, 0.2605993976630405, 0.254615107067485, 0.04643986290028977, 0.04423857635977426, 0.04910403665727464, 
0.3355869574594151, 0.2605993975907099, 0.25461510699580775, 0.04643986288111231, 0.044238576341613, 0.04910403663721738, 
0.33558695737020516, 0.2605993975201958, 0.2546151069259306, 0.046439862862416484, 0.04423857632390785, 0.04910403661766384, 
0.33558695728323584, 0.2605993974514528, 0.2546151068578085, 0.046439862844190216, 0.04423857630664737, 0.0491040365986014, 
0.3355869571984507, 0.26059939738443616, 0.25461510679139726, 0.0464398628264217, 0.04423857628982039, 0.04910403658001772, 
0.33558695711579506, 0.26059939731910275, 0.25461510672665394, 0.04643986280909945, 0.04423857627341604, 0.04910403656190078, 
0.33558695703521535, 0.26059939725541026, 0.2546151066635367, 0.04643986279221225, 0.04423857625742368, 0.04910403654423885, 
0.33558695695665935, 0.26059939719331743, 0.2546151066020047, 0.046439862775749186, 0.044238576241832965, 0.0491040365270205, 
0.3355869568800764, 0.26059939713278396, 0.254615106542018, 0.046439862759699586, 0.044238576226633824, 0.049104036510234594, 
0.3355869568054167, 0.2605993970737709, 0.254615106483538, 0.04643986274405308, 0.04423857621181641, 0.049104036493870275, 
0.3355869567326322, 0.2605993970162399, 0.2546151064265267, 0.04643986272879955, 0.044238576197371156, 0.04910403647791696, 
0.3355869566616757, 0.2605993969601539, 0.2546151063709472, 0.046439862713929116, 0.04423857618328869, 0.0491040364623643, 
0.33558695659250126, 0.26059939690547645, 0.25461510631676365, 0.04643986269943214, 0.0442385761695599, 0.04910403644720226, 
0.33558695652506415, 0.2605993968521722, 0.25461510626394096, 0.046439862685299274, 0.04423857615617592, 0.04910403643242101, 
0.3355869564593208, 0.26059939680020683, 0.2546151062124449, 0.046439862671521365, 0.04423857614312808, 0.049104036418011004, 
0.3355869563952286, 0.26059939674954646, 0.2546151061622422, 0.046439862658089484, 0.044238576130407936, 0.049104036403962895, 
0.33558695633274604, 0.26059939670015847, 0.2546151061133003, 0.046439862644994945, 0.04423857611800728, 0.04910403639026764, 
0.33558695627183277, 0.2605993966520109, 0.25461510606558757, 0.046439862632229295, 0.04423857610591806, 0.04910403637691633, 
0.3355869562124493, 0.26059939660507253, 0.2546151060190732, 0.046439862619784236, 0.04423857609413247, 0.04910403636390033, 
0.3355869561545574, 0.26059939655931313, 0.2546151059737271, 0.04643986260765176, 0.04423857608264287, 0.04910403635121125, 
0.3355869560981194, 0.26059939651470293, 0.25461510592951986, 0.04643986259582398, 0.044238576071441826, 0.04910403633884085, 
0.3355869560430989, 0.26059939647121316, 0.25461510588642283, 0.046439862584293265, 0.04423857606052211, 0.04910403632678112, 
0.3355869559894602, 0.2605993964288156, 0.2546151058444083, 0.04643986257305213, 0.044238576049876646, 0.04910403631502429, 
0.3355869559371686, 0.2605993963874828, 0.2546151058034489, 0.046439862562093336, 0.044238576039498545, 0.04910403630356274, 
0.3355869558861904, 0.2605993963471882, 0.25461510576351826, 0.04643986255140978, 0.044238576029381096, 0.04910403629238905, 
0.33558695583649256, 0.26059939630790563, 0.25461510572459045, 0.04643986254099454, 0.04423857601951776, 0.04910403628149599, 
0.3355869557880429, 0.2605993962696096, 0.2546151056866403, 0.04643986253084088, 0.04423857600990212, 0.049104036270876505, 
0.33558695574081004, 0.2605993962322754, 0.25461510564964335, 0.04643986252094223, 0.04423857600052799, 0.04910403626052373, 
0.33558695569476343, 0.26059939619587885, 0.2546151056135756, 0.04643986251129219, 0.04423857599138929, 0.04910403625043097, 
0.3355869556498733, 0.2605993961603964, 0.25461510557841366, 0.046439862501884505, 0.04423857598248012, 0.049104036240591696, 
0.33558695560611057, 0.2605993961258051, 0.2546151055441348, 0.046439862492713105, 0.0442385759737947, 0.049104036230999536, 
0.335586955563447, 0.2605993960920826, 0.25461510551071687, 0.04643986248377205, 0.04423857596532743, 0.04910403622164829, 
0.33558695552185486, 0.260599396059207, 0.25461510547813826, 0.04643986247505555, 0.0442385759570728, 0.0491040362125319, 
0.3355869554813074, 0.26059939602715715, 0.25461510544637783, 0.04643986246655796, 0.044238575949025485, 0.049104036203644466, 
0.3355869554417783, 0.2605993959959122, 0.25461510541541515, 0.04643986245827379, 0.044238575941180296, 0.049104036194980244, 
0.33558695540324196, 0.260599395965452, 0.25461510538523, 0.04643986245019768, 0.04423857593353214, 0.04910403618653364, 
0.3355869553656735, 0.2605993959357568, 0.25461510535580306, 0.04643986244232442, 0.044238575926076065, 0.049104036178299164, 
0.33558695532904853, 0.26059939590680736, 0.2546151053271152, 0.046439862434648885, 0.04423857591880726, 0.04910403617027151, 
0.3355869552933434, 0.26059939587858505, 0.2546151052991477, 0.046439862427166134, 0.044238575911721006, 0.049104036162445464, 
0.33558695525853505, 0.26059939585107156, 0.25461510527188275, 0.0464398624198713, 0.04423857590481273, 0.049104036154815976, 
0.3355869552246009, 0.260599395824249, 0.25461510524530245, 0.04643986241275969, 0.04423857589807795, 0.0491040361473781, 
0.3355869551915191, 0.26059939579810015, 0.2546151052193898, 0.04643986240582669, 0.044238575891512325, 0.04910403614012703, 
0.335586955159268, 0.26059939577260804, 0.254615105194128, 0.04643986239906782, 0.04423857588511158, 0.04910403613305807, 
0.335586955127827, 0.26059939574775615, 0.25461510516950053, 0.04643986239247869, 0.04423857587887162, 0.04910403612616664, 
0.3355869550971756, 0.26059939572352847, 0.2546151051454917, 0.04643986238605505, 0.04423857587278835, 0.04910403611944831, 
0.3355869550672941, 0.2605993956999092, 0.2546151051220858, 0.04643986237979273, 0.04423857586685788, 0.0491040361128987, 
0.33558695503816305, 0.2605993956768832, 0.2546151050992678, 0.046439862373687704, 0.04423857586107635, 0.0491040361065136, 
0.33558695500976365, 0.2605993956544355, 0.25461510507702284, 0.04643986236773601, 0.04423857585544002, 0.04910403610028886, 
0.33558695498207747, 0.2605993956325516, 0.2546151050553366, 0.04643986236193379, 0.044238575849945255, 0.049104036094220434, 
0.33558695495508667, 0.26059939561121725, 0.25461510503419493, 0.04643986235627729, 0.0442385758445885, 0.049104036088304444, 
0.33558695492877366, 0.2605993955904188, 0.2546151050135843, 0.04643986235076286, 0.04423857583936627, 0.04910403608253703, 
0.3355869549031217, 0.26059939557014267, 0.2546151049934913, 0.04643986234538692, 0.0442385758342752, 0.04910403607691445, 
0.33558695487811385, 0.26059939555037576, 0.254615104973903, 0.04643986234014601, 0.04423857582931199, 0.0491040360714331, 
0.3355869548537341, 0.26059939553110534, 0.2546151049548066, 0.04643986233503671, 0.044238575824473436, 0.049104036066089415, 
0.3355869548299666, 0.2605993955123188, 0.25461510493618983, 0.046439862330055745, 0.0442385758197564, 0.04910403606087992, 
0.3355869548067961, 0.2605993954940042, 0.25461510491804057, 0.046439862325199865, 0.04423857581515784, 0.04910403605580128, 
0.3355869547842076, 0.2605993954761495, 0.2546151049003472, 0.04643986232046596, 0.044238575810674766, 0.04910403605085018, 
0.33558695476218625, 0.26059939545874333, 0.25461510488309824, 0.04643986231585093, 0.04423857580630429, 0.04910403604602344, 
