c_id,g,from,to,from_id,to_id,probability
1,0,region,region,548,548,0.04512456642797575
1,0,region,region,548,549,0.005990658816888381
1,0,region,region,548,550,0.006062392566388308
1,0,region,region,548,551,0.009122715839756067
1,0,region,surface,548,1,0.3740730951468021
1,0,region,surface,548,2,0.18573518571885558
1,0,region,surface,548,3,0.3738913854833338
1,0,region,region,549,548,0.005990658816888381
1,0,region,region,549,549,0.04512456642797575
1,0,region,region,549,550,0.006062392566388308
1,0,region,region,549,551,0.009122715839756067
1,0,region,surface,549,1,0.3738913854833338
1,0,region,surface,549,2,0.3740730951468021
1,0,region,surface,549,3,0.18573518571885558
1,0,region,region,550,548,0.006062392566388308
1,0,region,region,550,549,0.005990658816888381
1,0,region,region,550,550,0.04512456642797575
1,0,region,region,550,551,0.009122715839756067
1,0,region,surface,550,1,0.18573518571885558
1,0,region,surface,550,2,0.3738913854833338
1,0,region,surface,550,3,0.3740730951468021
1,0,region,region,551,548,0.011838328779757535
1,0,region,region,551,549,0.011828680420938185
1,0,region,region,551,550,0.011828887912525695
1,0,region,region,551,551,0.02051490074899276
1,0,region,surface,551,1,0.3143798413623068
1,0,region,surface,551,2,0.31514859769404224
1,0,region,surface,551,3,0.31446076308143683
1,0,surface,region,1,548,0.02539380547121039
1,0,surface,region,1,549,0.025455214119563585
1,0,surface,region,1,550,0.012625480875387143
1,0,surface,region,1,551,0.01636493307164901
1,0,surface,surface,1,1,0.0
1,0,surface,surface,1,2,0.45997307539528276
1,0,surface,surface,1,3,0.46018749106690715
1,0,surface,region,2,548,0.012615389829243321
1,0,surface,region,2,549,0.025499068987979958
1,0,surface,region,2,550,0.025458315092390153
1,0,surface,region,2,551,0.016341539952438058
1,0,surface,surface,2,1,0.4601157710926612
1,0,surface,surface,2,2,0.0
1,0,surface,surface,2,3,0.45996991504528717
1,0,surface,region,3,548,0.025432180794030992
1,0,surface,region,3,549,0.012638654859580701
1,0,surface,region,3,550,0.02546147377219104
1,0,surface,region,3,551,0.01635508888081438
1,0,surface,surface,3,1,0.46019997797236667
1,0,surface,surface,3,2,0.45991262372101627
1,0,surface,surface,3,3,0.0
1,1,region,region,548,548,0.05555080214238337
1,1,region,region,548,549,0.00715155965047762
1,1,region,region,548,550,0.00714536544040599
1,1,region,region,548,551,0.013600952406724346
1,1,region,surface,548,1,0.36910922410167135
1,1,region,surface,548,2,0.17841733865764273
1,1,region,surface,548,3,0.3690247576006946
1,1,region,region,549,548,0.00715155965047762
1,1,region,region,549,549,0.05555080214238337
1,1,region,region,549,550,0.00714536544040599
1,1,region,region,549,551,0.013600952406724346
1,1,region,surface,549,1,0.3690247576006946
1,1,region,surface,549,2,0.36910922410167135
1,1,region,surface,549,3,0.17841733865764273
1,1,region,region,550,548,0.00714536544040599
1,1,region,region,550,549,0.00715155965047762
1,1,region,region,550,550,0.05555080214238337
1,1,region,region,550,551,0.013600952406724346
1,1,region,surface,550,1,0.17841733865764273
1,1,region,surface,550,2,0.3690247576006946
1,1,region,surface,550,3,0.36910922410167135
1,1,region,region,551,548,0.014552672781974594
1,1,region,region,551,549,0.014704789362749058
1,1,region,region,551,550,0.014653188373980087
1,1,region,region,551,551,0.029400139065224398
1,1,region,surface,551,1,0.30867987582332124
1,1,region,surface,551,2,0.3088436707189798
1,1,region,surface,551,3,0.309165663873771
1,1,surface,region,1,548,0.030713324375036287
1,1,surface,region,1,549,0.030696813839450488
1,1,surface,region,1,550,0.014805716266978556
1,1,surface,region,1,551,0.023816154653654234
1,1,surface,surface,1,1,0.0
1,1,surface,surface,1,2,0.44996535450516595
1,1,surface,surface,1,3,0.45000263635971455
1,1,surface,region,2,548,0.014847931739994798
1,1,surface,region,2,549,0.030693502170942754
1,1,surface,region,2,550,0.030708682471365694
1,1,surface,region,2,551,0.023848358492861422
1,1,surface,surface,2,1,0.4498988299557076
1,1,surface,surface,2,2,0.0
1,1,surface,surface,2,3,0.4500026951691277
1,1,surface,region,3,548,0.030694907831663096
1,1,surface,region,3,549,0.014816641922601358
1,1,surface,region,3,550,0.030707689499002842
1,1,surface,region,3,551,0.023820900507874224
1,1,surface,surface,3,1,0.45000522716937247
1,1,surface,surface,3,2,0.44995463306948597
1,1,surface,surface,3,3,0.0
1,2,region,region,548,548,0.0768962179130041
1,2,region,region,548,549,0.009392110949272503
1,2,region,region,548,550,0.009403502548826586
1,2,region,region,548,551,0.0140680996831558
1,2,region,surface,548,1,0.3605014804113851
1,2,region,surface,548,2,0.16933057761777348
1,2,region,surface,548,3,0.36040801087658236
1,2,region,region,549,548,0.009392110949272503
1,2,region,region,549,549,0.0768962179130041
1,2,region,region,549,550,0.009403502548826586
1,2,region,region,549,551,0.0140680996831558
1,2,region,surface,549,1,0.36040801087658236
1,2,region,surface,549,2,0.3605014804113851
1,2,region,surface,549,3,0.16933057761777348
1,2,region,region,550,548,0.009403502548826586
1,2,region,region,550,549,0.009392110949272503
1,2,region,region,550,550,0.0768962179130041
1,2,region,region,550,551,0.0140680996831558
1,2,region,surface,550,1,0.16933057761777348
1,2,region,surface,550,2,0.36040801087658236
1,2,region,surface,550,3,0.3605014804113851
1,2,region,region,551,548,0.01843443183851002
1,2,region,region,551,549,0.018435217124511967
1,2,region,region,551,550,0.01848170605582724
1,2,region,region,551,551,0.03481157140911877
1,2,region,surface,551,1,0.30340781142833
1,2,region,surface,551,2,0.3034455051564235
1,2,region,surface,551,3,0.30298375698727853
1,2,surface,region,1,548,0.04075451796274086
1,2,surface,region,1,549,0.040711432438107445
1,2,surface,region,1,550,0.019175186142099516
1,2,surface,region,1,551,0.026371665576008913
1,2,surface,surface,1,1,0.0
1,2,surface,surface,1,2,0.4365068969419517
1,2,surface,surface,1,3,0.43648030093909157
1,2,surface,region,2,548,0.019157470243188767
1,2,surface,region,2,549,0.0407306181626887
1,2,surface,region,2,550,0.04072928838305845
1,2,surface,region,2,551,0.026368998155994586
1,2,surface,surface,2,1,0.4365493654757027
1,2,surface,surface,2,2,0.0
1,2,surface,surface,2,3,0.4364642595793668
1,2,surface,region,3,548,0.04071509342150916
1,2,surface,region,3,549,0.019143373627123324
1,2,surface,region,3,550,0.040731583833597915
1,2,surface,region,3,551,0.026366307109189538
1,2,surface,surface,3,1,0.4364998781172365
1,2,surface,surface,3,2,0.43654376389134364
1,2,surface,surface,3,3,0.0
1,3,region,region,548,548,0.07248150112668575
1,3,region,region,548,549,0.009046102979023708
1,3,region,region,548,550,0.009028660673374165
1,3,region,region,548,551,0.013450808424703399
1,3,region,surface,548,1,0.3624040171722988
1,3,region,surface,548,2,0.17133576839548406
1,3,region,surface,548,3,0.3622531412284302
1,3,region,region,549,548,0.009046102979023708
1,3,region,region,549,549,0.07248150112668575
1,3,region,region,549,550,0.009028660673374165
1,3,region,region,549,551,0.013450808424703399
1,3,region,surface,549,1,0.3622531412284302
1,3,region,surface,549,2,0.3624040171722988
1,3,region,surface,549,3,0.17133576839548406
1,3,region,region,550,548,0.009028660673374165
1,3,region,region,550,549,0.009046102979023708
1,3,region,region,550,550,0.07248150112668575
1,3,region,region,550,551,0.013450808424703399
1,3,region,surface,550,1,0.17133576839548406
1,3,region,surface,550,2,0.3622531412284302
1,3,region,surface,550,3,0.3624040171722988
1,3,region,region,551,548,0.019299176241517415
1,3,region,region,551,549,0.019318367545072285
1,3,region,region,551,550,0.019306576809554915
1,3,region,region,551,551,0.03062317423909931
1,3,region,surface,551,1,0.3035863529009788
1,3,region,surface,551,2,0.30386983228682196
1,3,region,surface,551,3,0.3039965199769554
1,3,surface,region,1,548,0.041615532121765615
1,3,surface,region,1,549,0.04161703289105996
1,3,surface,region,1,550,0.01969429529576861
1,3,surface,region,1,551,0.024068637583625367
1,3,surface,surface,1,1,0.0
1,3,surface,surface,1,2,0.4365627820820953
1,3,surface,surface,1,3,0.4364417200256852
1,3,surface,region,2,548,0.019700326911366937
1,3,surface,region,2,549,0.0416138139612785
1,3,surface,region,2,550,0.04160801091932391
1,3,surface,region,2,551,0.024079222328344516
1,3,surface,surface,2,1,0.4365058163489301
1,3,surface,surface,2,2,0.0
1,3,surface,surface,2,3,0.436492809530756
1,3,surface,region,3,548,0.04159579720316526
1,3,surface,region,3,549,0.019701460696440947
1,3,surface,region,3,550,0.04160960586672078
1,3,surface,region,3,551,0.02405739360875013
1,3,surface,surface,3,1,0.43655289328524716
1,3,surface,surface,3,2,0.43648284933967574
1,3,surface,surface,3,3,0.0
1,4,region,region,548,548,0.07999386737990263
1,4,region,region,548,549,0.009756772520903366
1,4,region,region,548,550,0.009782568173214797
1,4,region,region,548,551,0.015262093398309208
1,4,region,surface,548,1,0.3588685680523489
1,4,region,surface,548,2,0.1672141634356017
1,4,region,surface,548,3,0.35912196703971916
1,4,region,region,549,548,0.009756772520903366
1,4,region,region,549,549,0.07999386737990263
1,4,region,region,549,550,0.009782568173214797
1,4,region,region,549,551,0.015262093398309208
1,4,region,surface,549,1,0.35912196703971916
1,4,region,surface,549,2,0.3588685680523489
1,4,region,surface,549,3,0.1672141634356017
1,4,region,region,550,548,0.009782568173214797
1,4,region,region,550,549,0.009756772520903366
1,4,region,region,550,550,0.07999386737990263
1,4,region,region,550,551,0.015262093398309208
1,4,region,surface,550,1,0.1672141634356017
1,4,region,surface,550,2,0.35912196703971916
1,4,region,surface,550,3,0.3588685680523489
1,4,region,region,551,548,0.02108785407616028
1,4,region,region,551,549,0.021226242194125604
1,4,region,region,551,550,0.02115691952165041
1,4,region,region,551,551,0.03727373349792431
1,4,region,surface,551,1,0.29973245821283323
1,4,region,surface,551,2,0.29963599809343355
1,4,region,surface,551,3,0.2998867944038726
1,4,surface,region,1,548,0.04562104200068054
1,4,surface,region,1,549,0.04565967214343395
1,4,surface,region,1,550,0.021299897364105747
1,4,surface,region,1,551,0.02669932725722054
1,4,surface,surface,1,1,0.0
1,4,surface,surface,1,2,0.43036986164163304
1,4,surface,surface,1,3,0.4303501995929262
1,4,surface,region,2,548,0.02130953968548998
1,4,surface,region,2,549,0.04561715024694384
1,4,surface,region,2,550,0.045638663351489556
1,4,surface,region,2,551,0.02670227355346637
1,4,surface,surface,2,1,0.43041360794078765
1,4,surface,surface,2,2,0.0
1,4,surface,surface,2,3,0.43031876522182266
1,4,surface,region,3,548,0.04564656745918831
1,4,surface,region,3,549,0.021311771599788833
1,4,surface,region,3,550,0.04561637770094234
1,4,surface,region,3,551,0.026692141733165104
1,4,surface,surface,3,1,0.4303983798857092
1,4,surface,surface,3,2,0.43033476162120626
1,4,surface,surface,3,3,0.0
1,5,region,region,548,548,0.08534841988587324
1,5,region,region,548,549,0.010381470820397542
1,5,region,region,548,550,0.010363179531554892
1,5,region,region,548,551,0.01425307420267164
1,5,region,surface,548,1,0.3568259653278559
1,5,region,surface,548,2,0.16597479320217023
1,5,region,surface,548,3,0.3568530970294766
1,5,region,region,549,548,0.010381470820397542
1,5,region,region,549,549,0.08534841988587324
1,5,region,region,549,550,0.010363179531554892
1,5,region,region,549,551,0.01425307420267164
1,5,region,surface,549,1,0.3568530970294766
1,5,region,surface,549,2,0.3568259653278559
1,5,region,surface,549,3,0.16597479320217023
1,5,region,region,550,548,0.010363179531554892
1,5,region,region,550,549,0.010381470820397542
1,5,region,region,550,550,0.08534841988587324
1,5,region,region,550,551,0.01425307420267164
1,5,region,surface,550,1,0.16597479320217023
1,5,region,surface,550,2,0.3568530970294766
1,5,region,surface,550,3,0.3568259653278559
1,5,region,region,551,548,0.02261192622774095
1,5,region,region,551,549,0.02267364830758903
1,5,region,region,551,550,0.022657414555081037
1,5,region,region,551,551,0.032179525010547716
1,5,region,surface,551,1,0.3000098924429346
1,5,region,surface,551,2,0.2998407908543097
1,5,region,surface,551,3,0.30002680260179704
1,5,surface,region,1,548,0.04792775183096215
1,5,surface,region,1,549,0.04792080965131998
1,5,surface,region,1,550,0.02228303839885569
1,5,surface,region,1,551,0.02608025974617882
1,5,surface,surface,1,1,0.0
1,5,surface,surface,1,2,0.4278706780592865
1,5,surface,surface,1,3,0.42791746231339683
1,5,surface,region,2,548,0.022280504060940284
1,5,surface,region,2,549,0.04792315489764384
1,5,surface,region,2,550,0.04793552960187709
1,5,surface,region,2,551,0.026106249512368743
1,5,surface,surface,2,1,0.4278674717468147
1,5,surface,surface,2,2,0.0
1,5,surface,surface,2,3,0.42788709018035526
1,5,surface,region,3,548,0.04791767810631635
1,5,surface,region,3,549,0.022269354408604163
1,5,surface,region,3,550,0.04793035490043359
1,5,surface,region,3,551,0.026078278298188682
1,5,surface,surface,3,1,0.4278689660157786
1,5,surface,surface,3,2,0.4279353682706785
1,5,surface,surface,3,3,0.0
1,6,region,region,548,548,0.0948482807713895
1,6,region,region,548,549,0.010245729926334098
1,6,region,region,548,550,0.010233834364846659
1,6,region,region,548,551,0.029560721257506403
1,6,region,surface,548,1,0.3509178090734775
1,6,region,surface,548,2,0.15314280609017614
1,6,region,surface,548,3,0.35105081851626957
1,6,region,region,549,548,0.010245729926334098
1,6,region,region,549,549,0.0948482807713895
1,6,region,region,549,550,0.010233834364846659
1,6,region,region,549,551,0.029560721257506403
1,6,region,surface,549,1,0.35105081851626957
1,6,region,surface,549,2,0.3509178090734775
1,6,region,surface,549,3,0.15314280609017614
1,6,region,region,550,548,0.010233834364846659
1,6,region,region,550,549,0.010245729926334098
1,6,region,region,550,550,0.0948482807713895
1,6,region,region,550,551,0.029560721257506403
1,6,region,surface,550,1,0.15314280609017614
1,6,region,surface,550,2,0.35105081851626957
1,6,region,surface,550,3,0.3509178090734775
1,6,region,region,551,548,0.021345680937935943
1,6,region,region,551,549,0.021377750114064228
1,6,region,region,551,550,0.021329565367103797
1,6,region,region,551,551,0.1846415208693403
1,6,region,surface,551,1,0.2504173446948918
1,6,region,surface,551,2,0.2505250517763327
1,6,region,surface,551,3,0.25036308624033127
1,6,surface,region,1,548,0.04938892714943734
1,6,surface,region,1,549,0.04938474482227898
1,6,surface,region,1,550,0.02156651851934466
1,6,surface,region,1,551,0.052263057225388404
1,6,surface,surface,1,1,0.0
1,6,surface,surface,1,2,0.4137001187780913
1,6,surface,surface,1,3,0.4136966335054594
1,6,surface,region,2,548,0.021587177107704105
1,6,surface,region,2,549,0.049330841251791734
1,6,surface,region,2,550,0.04936203583892091
1,6,surface,region,2,551,0.052277422699725955
1,6,surface,surface,2,1,0.41376395805286525
1,6,surface,surface,2,2,0.0
1,6,surface,surface,2,3,0.41367856504899203
1,6,surface,region,3,548,0.04940828691079623
1,6,surface,region,3,549,0.02159362435942475
1,6,surface,region,3,550,0.04939103529228075
1,6,surface,region,3,551,0.05230481623366846
1,6,surface,surface,3,1,0.4136432769571351
1,6,surface,surface,3,2,0.4136589602466946
1,6,surface,surface,3,3,0.0
1,7,region,region,548,548,0.11008809504927485
1,7,region,region,548,549,0.011835952735310816
1,7,region,region,548,550,0.011800453548816916
1,7,region,region,548,551,0.011168941704872802
1,7,region,surface,548,1,0.34683598776740276
1,7,region,surface,548,2,0.1606933226700384
1,7,region,surface,548,3,0.34757724652428335
1,7,region,region,549,548,0.011835952735310816
1,7,region,region,549,549,0.11008809504927485
1,7,region,region,549,550,0.011800453548816916
1,7,region,region,549,551,0.011168941704872802
1,7,region,surface,549,1,0.34757724652428335
1,7,region,surface,549,2,0.34683598776740276
1,7,region,surface,549,3,0.1606933226700384
1,7,region,region,550,548,0.011800453548816916
1,7,region,region,550,549,0.011835952735310816
1,7,region,region,550,550,0.11008809504927485
1,7,region,region,550,551,0.011168941704872802
1,7,region,surface,550,1,0.1606933226700384
1,7,region,surface,550,2,0.34757724652428335
1,7,region,surface,550,3,0.34683598776740276
1,7,region,region,551,548,0.02786560836713088
1,7,region,region,551,549,0.02807204159026367
1,7,region,region,551,550,0.02749963650630833
1,7,region,region,551,551,0.02605810457492554
1,7,region,surface,551,1,0.2964372072662692
1,7,region,surface,551,2,0.2975587954295629
1,7,region,surface,551,3,0.29650860626553943
1,7,surface,region,1,548,0.05180246678943681
1,7,surface,region,1,549,0.051804811707613675
1,7,surface,region,1,550,0.023914970453005068
1,7,surface,region,1,551,0.021205036450434044
1,7,surface,surface,1,1,0.0
1,7,surface,surface,1,2,0.4255528195897044
1,7,surface,surface,1,3,0.425719895009806
1,7,surface,region,2,548,0.02390903138512196
1,7,surface,region,2,549,0.05171328358184891
1,7,surface,region,2,550,0.05150983340097906
1,7,surface,region,2,551,0.02125001960479949
1,7,surface,surface,2,1,0.426301417892388
1,7,surface,surface,2,2,0.0
1,7,surface,surface,2,3,0.42531641413486254
1,7,surface,region,3,548,0.05166141958149484
1,7,surface,region,3,549,0.02400813842955326
1,7,surface,region,3,550,0.05171127590875693
1,7,surface,region,3,551,0.021351705331274912
1,7,surface,surface,3,1,0.42538298237558303
1,7,surface,surface,3,2,0.42588447837333704
1,7,surface,surface,3,3,0.0
487,0,region,region,2492,2492,0.031138771834353065
487,0,region,region,2492,2493,0.0036905158807030896
487,0,region,surface,2492,1459,0.42041997977602374
487,0,region,surface,2492,1460,0.13043152524815427
487,0,region,surface,2492,1461,0.4143192072607658
487,0,region,region,2493,2492,0.009088136858130754
487,0,region,region,2493,2493,0.010810884128183908
487,0,region,surface,2493,1459,0.36656898138402216
487,0,region,surface,2493,1460,0.3074460149767016
487,0,region,surface,2493,1461,0.3060859826529616
487,0,surface,region,1459,2492,0.02162266218252096
487,0,surface,region,1459,2493,0.00768204160516184
487,0,surface,surface,1459,1459,0.0
487,0,surface,surface,1459,1460,0.31018367750673387
487,0,surface,surface,1459,1461,0.6605116187055834
487,0,surface,region,1460,2492,0.013405229109179455
487,0,surface,region,1460,2493,0.012875734828582317
487,0,surface,surface,1460,1459,0.6194401121631583
487,0,surface,surface,1460,1460,0.0
487,0,surface,surface,1460,1461,0.35427892389908
487,0,surface,region,1461,2492,0.024579665253915414
487,0,surface,region,1461,2493,0.0074050974933151026
487,0,surface,surface,1461,1459,0.7624925794971055
487,0,surface,surface,1461,1460,0.20552265775566406
487,0,surface,surface,1461,1461,0.0
487,1,region,region,2492,2492,0.03827817129864447
487,1,region,region,2492,2493,0.005571387832517688
487,1,region,surface,2492,1459,0.41732327686027115
487,1,region,surface,2492,1460,0.12768969943979894
487,1,region,surface,2492,1461,0.4111374645687676
487,1,region,region,2493,2492,0.011280157048099634
487,1,region,region,2493,2493,0.015317798195424727
487,1,region,surface,2493,1459,0.36395984806066833
487,1,region,surface,2493,1460,0.3054199988065365
487,1,region,surface,2493,1461,0.30402219788927076
487,1,surface,region,1459,2492,0.026228760384155014
487,1,surface,region,1459,2493,0.011328656168286861
487,1,surface,surface,1459,1459,0.0
487,1,surface,surface,1459,1460,0.30728612713914955
487,1,surface,surface,1459,1461,0.6551564563084086
487,1,surface,region,1460,2492,0.016022015764928333
487,1,surface,region,1460,2493,0.019043534831040383
487,1,surface,surface,1460,1459,0.6142955964163341
487,1,surface,surface,1460,1460,0.0
487,1,surface,surface,1460,1461,0.35063885298769726
487,1,surface,region,1461,2492,0.029839002478504805
487,1,surface,region,1461,2493,0.010916685306716283
487,1,surface,surface,1461,1459,0.7563720367088212
487,1,surface,surface,1461,1460,0.20287227550595782
487,1,surface,surface,1461,1461,0.0
487,2,region,region,2492,2492,0.05314510992510605
487,2,region,region,2492,2493,0.005832839164525268
487,2,region,surface,2492,1459,0.4112039050317366
487,2,region,surface,2492,1460,0.12474962113724715
487,2,region,surface,2492,1461,0.40506852474138494
487,2,region,region,2493,2492,0.014175942820388285
487,2,region,region,2493,2493,0.01844729438223879
487,2,region,surface,2493,1459,0.36155805472055585
487,2,region,surface,2493,1460,0.304407977929755
487,2,region,surface,2493,1461,0.301410730147062
487,2,surface,region,1459,2492,0.03498666607563391
487,2,surface,region,1459,2493,0.012747806448292586
487,2,surface,surface,1459,1459,0.0
487,2,surface,surface,1459,1460,0.30485926595985663
487,2,surface,surface,1459,1461,0.6474062615162169
487,2,surface,region,1460,2492,0.021244844630544976
487,2,surface,region,1460,2493,0.0214796996975266
487,2,surface,surface,1460,1459,0.6100583566441946
487,2,surface,surface,1460,1460,0.0
487,2,surface,surface,1460,1461,0.3472170990277339
487,2,surface,region,1461,2492,0.039804475938770595
487,2,surface,region,1461,2493,0.012264558991703384
487,2,surface,surface,1461,1459,0.7473635986596304
487,2,surface,surface,1461,1460,0.20056736640989556
487,2,surface,surface,1461,1461,0.0
487,3,region,region,2492,2492,0.050101583335914655
487,3,region,region,2492,2493,0.005522445891914935
487,3,region,surface,2492,1459,0.41257393007161697
487,3,region,surface,2492,1460,0.12546622878072064
487,3,region,surface,2492,1461,0.4063358119198327
487,3,region,region,2493,2492,0.014863990871418339
487,3,region,region,2493,2493,0.01605819581271606
487,3,region,surface,2493,1459,0.3620757360775046
487,3,region,surface,2493,1460,0.3049491957536189
487,3,region,surface,2493,1461,0.3020528814847422
487,3,surface,region,1459,2492,0.03577918579178907
487,3,surface,region,1459,2493,0.011604313573449968
487,3,surface,surface,1459,1459,0.0
487,3,surface,surface,1459,1460,0.305197021443456
487,3,surface,surface,1459,1461,0.6474194791913049
487,3,surface,region,1460,2492,0.021784387126109684
487,3,surface,region,1460,2493,0.019572787251965207
487,3,surface,surface,1460,1459,0.6108357268798242
487,3,surface,surface,1460,1460,0.0
487,3,surface,surface,1460,1461,0.34780709874210086
487,3,surface,region,1461,2492,0.040688834161647904
487,3,surface,region,1461,2493,0.011169533099173597
487,3,surface,surface,1461,1459,0.7474498016356951
487,3,surface,surface,1461,1460,0.20069183110348354
487,3,surface,surface,1461,1461,0.0
487,4,region,region,2492,2492,0.055361133213222974
487,4,region,region,2492,2493,0.006332393543427999
487,4,region,surface,2492,1459,0.4102493879224259
487,4,region,surface,2492,1460,0.12399806296452828
487,4,region,surface,2492,1461,0.4040590223563948
487,4,region,region,2493,2492,0.016370929403105503
487,4,region,region,2493,2493,0.019900115740057546
487,4,region,surface,2493,1459,0.3599701954594844
487,4,region,surface,2493,1460,0.30375408257274394
487,4,region,surface,2493,1461,0.30000467682460863
487,4,surface,region,1459,2492,0.039395911102902297
487,4,surface,region,1459,2493,0.01303322192688715
487,4,surface,surface,1459,1459,0.0
487,4,surface,surface,1459,1460,0.3038330917444455
487,4,surface,surface,1459,1461,0.6437377752257649
487,4,surface,region,1460,2492,0.023849692775153322
487,4,surface,region,1460,2493,0.021970438331191573
487,4,surface,surface,1460,1459,0.6083080953550386
487,4,surface,surface,1460,1460,0.0
487,4,surface,surface,1460,1461,0.3458717735386164
487,4,surface,region,1461,2492,0.04482417320856662
487,4,surface,region,1461,2493,0.012521747487494374
487,4,surface,surface,1461,1459,0.7432418651153512
487,4,surface,surface,1461,1460,0.19941221418858796
487,4,surface,surface,1461,1461,0.0
487,5,region,region,2492,2492,0.059283405133870204
487,5,region,region,2492,2493,0.005858646337500604
487,5,region,surface,2492,1459,0.4086669205861422
487,5,region,surface,2492,1460,0.12371041387068013
487,5,region,surface,2492,1461,0.4024806140718069
487,5,region,region,2493,2492,0.01749350959590272
487,5,region,region,2493,2493,0.016868221044966443
487,5,region,surface,2493,1459,0.36047429654279173
487,5,region,surface,2493,1460,0.30476290788315846
487,5,region,surface,2493,1461,0.30040106493318064
487,5,surface,region,1459,2492,0.041450706011726075
487,5,surface,region,1459,2493,0.012645593997563305
487,5,surface,surface,1459,1459,0.0
487,5,surface,surface,1459,1460,0.3038364903435104
487,5,surface,surface,1459,1461,0.6420672096472003
487,5,surface,region,1460,2492,0.02508185936119973
487,5,surface,region,1460,2493,0.021373047563773225
487,5,surface,surface,1460,1459,0.6079462401297707
487,5,surface,surface,1460,1460,0.0
487,5,surface,surface,1460,1461,0.34559885294525644
487,5,surface,region,1461,2492,0.04714728581659419
487,5,surface,region,1461,2493,0.012174772713859888
487,5,surface,surface,1461,1459,0.741383561292413
487,5,surface,surface,1461,1460,0.19929438017713286
487,5,surface,surface,1461,1461,0.0
487,6,region,region,2492,2492,0.0663898922836005
487,6,region,region,2492,2493,0.013391522290304736
487,6,region,surface,2492,1459,0.40432749785350436
487,6,region,surface,2492,1460,0.11730912936755838
487,6,region,surface,2492,1461,0.39858195820503206
487,6,region,region,2493,2492,0.017569745999124198
487,6,region,region,2493,2493,0.12407599963013816
487,6,region,surface,2493,1459,0.3208449714781854
487,6,region,surface,2493,1460,0.27189207012720107
487,6,region,surface,2493,1461,0.26561721276535116
487,6,surface,region,1459,2492,0.04299773376376251
487,6,surface,region,1459,2493,0.027651304234288944
487,6,surface,surface,1459,1459,0.0
487,6,surface,surface,1459,1460,0.2957300475646922
487,6,surface,surface,1459,1461,0.6336209144372564
487,6,surface,region,1460,2492,0.025018181950037455
487,6,surface,region,1460,2493,0.04646304091301363
487,6,surface,surface,1460,1459,0.5926966059323923
487,6,surface,surface,1460,1460,0.0
487,6,surface,surface,1460,1461,0.3358221712045568
487,6,surface,region,1461,2492,0.04891360001003121
487,6,surface,region,1461,2493,0.02646938438577851
487,6,surface,surface,1461,1459,0.7315387832809731
487,6,surface,surface,1461,1460,0.19307823232321727
487,6,surface,surface,1461,1461,0.0
487,7,region,region,2492,2492,0.07875778469250665
487,7,region,region,2492,2493,0.004706944250777446
487,7,region,surface,2492,1459,0.40050143125198306
487,7,region,surface,2492,1460,0.12155175187803166
487,7,region,surface,2492,1461,0.3944820879267013
487,7,region,region,2493,2492,0.022023830748235097
487,7,region,region,2493,2493,0.01359541290828087
487,7,region,surface,2493,1459,0.3603310812732748
487,7,region,surface,2493,1460,0.305866340285204
487,7,region,surface,2493,1461,0.2981833347850052
487,7,surface,region,1459,2492,0.045203162328936855
487,7,surface,region,1459,2493,0.010349596430309558
487,7,surface,surface,1459,1459,0.0
487,7,surface,surface,1459,1460,0.30378313459419715
487,7,surface,surface,1459,1461,0.6406641066465564
487,7,surface,region,1460,2492,0.02733376902891775
487,7,surface,region,1460,2493,0.017429434689661294
487,7,surface,surface,1460,1459,0.609142009638164
487,7,surface,surface,1460,1460,0.0
487,7,surface,surface,1460,1461,0.3460947866432569
487,7,surface,region,1461,2492,0.05123941487254647
487,7,surface,region,1461,2493,0.00995923118153915
487,7,surface,surface,1461,1459,0.7400259626073188
487,7,surface,surface,1461,1460,0.19877539133859562
487,7,surface,surface,1461,1461,0.0
489,0,region,region,2496,2496,0.05518536587744784
489,0,region,region,2496,2497,0.007603214749541722
489,0,region,region,2496,2498,0.012361953124923147
489,0,region,surface,2496,1465,0.30203763266878214
489,0,region,surface,2496,1466,0.21245507712168485
489,0,region,surface,2496,1467,0.08562836480084551
489,0,region,surface,2496,1468,0.32472839165677475
489,0,region,region,2497,2496,0.007603214749541722
489,0,region,region,2497,2497,0.05518536587744784
489,0,region,region,2497,2498,0.012361953124923147
489,0,region,surface,2497,1465,0.08562836480084551
489,0,region,surface,2497,1466,0.21245507712168485
489,0,region,surface,2497,1467,0.30203763266878214
489,0,region,surface,2497,1468,0.32472839165677475
489,0,region,region,2498,2496,0.014946932168349055
489,0,region,region,2498,2497,0.01484356540863115
489,0,region,region,2498,2498,0.024869718044952412
489,0,region,surface,2498,1465,0.16474976324710952
489,0,region,surface,2498,1466,0.34750903383879395
489,0,region,surface,2498,1467,0.16467572839192274
489,0,region,surface,2498,1468,0.2684052589002411
489,0,surface,region,1465,2496,0.05394322938943794
489,0,surface,region,1465,2497,0.015225489136860641
489,0,surface,region,1465,2498,0.024116935690090015
489,0,surface,surface,1465,1465,0.0
489,0,surface,surface,1465,1466,0.3485287701882679
489,0,surface,surface,1465,1467,0.226316294059482
489,0,surface,surface,1465,1468,0.33186928153586154
489,0,surface,region,1466,2496,0.021711536387766506
489,0,surface,region,1466,2497,0.021713045245017906
489,0,surface,region,1466,2498,0.029196387814600863
489,0,surface,surface,1466,1465,0.19867005549718425
489,0,surface,surface,1466,1466,0.0
489,0,surface,surface,1466,1467,0.19857433736529856
489,0,surface,surface,1466,1468,0.5301346376901319
489,0,surface,region,1467,2496,0.015209139231541734
489,0,surface,region,1467,2497,0.054005723592867864
489,0,surface,region,1467,2498,0.02412901941506606
489,0,surface,surface,1467,1465,0.22617643579984864
489,0,surface,surface,1467,1466,0.34870468858286335
489,0,surface,surface,1467,1467,0.0
489,0,surface,surface,1467,1468,0.33177499337781235
489,0,surface,region,1468,2496,0.033259817226319315
489,0,surface,region,1468,2497,0.033296320151852174
489,0,surface,region,1468,2498,0.022614622129957483
489,0,surface,surface,1468,1465,0.1906533670416263
489,0,surface,surface,1468,1466,0.5295067277246784
489,0,surface,surface,1468,1467,0.1906691457255663
489,0,surface,surface,1468,1468,0.0
489,1,region,region,2496,2496,0.06754382515027914
489,1,region,region,2496,2497,0.008908398403096509
489,1,region,region,2496,2498,0.01827057420735743
489,1,region,surface,2496,1465,0.2977358736053062
489,1,region,surface,2496,1466,0.20628770321511591
489,1,region,surface,2496,1467,0.08135384505063571
489,1,region,surface,2496,1468,0.31989978036820904
489,1,region,region,2497,2496,0.008908398403096509
489,1,region,region,2497,2497,0.06754382515027914
489,1,region,region,2497,2498,0.01827057420735743
489,1,region,surface,2497,1465,0.08135384505063571
489,1,region,surface,2497,1466,0.20628770321511591
489,1,region,surface,2497,1467,0.2977358736053062
489,1,region,surface,2497,1468,0.31989978036820904
489,1,region,region,2498,2496,0.018277463930979836
489,1,region,region,2498,2497,0.018301789876152823
489,1,region,region,2498,2498,0.035114562977671716
489,1,region,surface,2498,1465,0.16095096598450523
489,1,region,surface,2498,1466,0.3436217005033637
489,1,region,surface,2498,1467,0.16099863994740704
489,1,region,surface,2498,1468,0.26273487677991963
489,1,surface,region,1465,2496,0.06497079050906712
489,1,surface,region,1465,2497,0.017705650379049778
489,1,surface,region,1465,2498,0.034838767727683656
489,1,surface,surface,1465,1465,0.0
489,1,surface,surface,1465,1466,0.3412740601434683
489,1,surface,surface,1465,1467,0.21709839541936188
489,1,surface,surface,1465,1468,0.32411233582136934
489,1,surface,region,1466,2496,0.025771360589369085
489,1,surface,region,1466,2497,0.025794626939585185
489,1,surface,region,1466,2498,0.042666538067203656
489,1,surface,surface,1466,1465,0.19502559792052412
489,1,surface,surface,1466,1466,0.0
489,1,surface,surface,1466,1467,0.19501713742953644
489,1,surface,surface,1466,1468,0.5157247390537815
489,1,surface,region,1467,2496,0.01769957281575178
489,1,surface,region,1467,2497,0.06493177943487789
489,1,surface,region,1467,2498,0.03480940010487809
489,1,surface,surface,1467,1465,0.21711544531875102
489,1,surface,surface,1467,1466,0.3412854607680865
489,1,surface,surface,1467,1467,0.0
489,1,surface,surface,1467,1468,0.3241583415576549
489,1,surface,region,1468,2496,0.03997672287836915
489,1,surface,region,1468,2497,0.03995248174903694
489,1,surface,region,1468,2498,0.0326551971360515
489,1,surface,surface,1468,1465,0.18602107089698802
489,1,surface,surface,1468,1466,0.5153607721307065
489,1,surface,surface,1468,1467,0.18603375520884788
489,1,surface,surface,1468,1468,0.0
489,2,region,region,2496,2496,0.09356587649798755
489,2,region,region,2496,2497,0.011768047673031017
489,2,region,region,2496,2498,0.018766115401921087
489,2,region,surface,2496,1465,0.2890550899308266
489,2,region,surface,2496,1466,0.20045970081766457
489,2,region,surface,2496,1467,0.07612846388964999
489,2,region,surface,2496,1468,0.31025670578891923
489,2,region,region,2497,2496,0.011768047673031017
489,2,region,region,2497,2497,0.09356587649798755
489,2,region,region,2497,2498,0.018766115401921087
489,2,region,surface,2497,1465,0.07612846388964999
489,2,region,surface,2497,1466,0.20045970081766457
489,2,region,surface,2497,1467,0.2890550899308266
489,2,region,surface,2497,1468,0.31025670578891923
489,2,region,region,2498,2496,0.02319160941652843
489,2,region,region,2498,2497,0.023164729575385554
489,2,region,region,2498,2498,0.041312837719063175
489,2,region,surface,2498,1465,0.15716988010331714
489,2,region,surface,2498,1466,0.3413652232994901
489,2,region,surface,2498,1467,0.1573100275438991
489,2,region,surface,2498,1468,0.25648569234231644
489,2,surface,region,1465,2496,0.08640629024779764
489,2,surface,region,1465,2497,0.022768662098809952
489,2,surface,region,1465,2498,0.0379503889547164
489,2,surface,surface,1465,1465,0.0
489,2,surface,surface,1465,1466,0.33479985575189325
489,2,surface,surface,1465,1467,0.20628123229096904
489,2,surface,surface,1465,1468,0.3117935706558137
489,2,surface,region,1466,2496,0.03434878817997474
489,2,surface,region,1466,2497,0.03437603394541794
489,2,surface,region,1466,2498,0.04716781006585575
489,2,surface,surface,1466,1465,0.1917134625609587
489,2,surface,surface,1466,1466,0.0
489,2,surface,surface,1466,1467,0.19170017194366934
489,2,surface,surface,1466,1468,0.5006937333041235
489,2,surface,region,1467,2496,0.022779751515164003
489,2,surface,region,1467,2497,0.08642552667533554
489,2,surface,region,1467,2498,0.037940536123859114
489,2,surface,surface,1467,1465,0.20623180103078548
489,2,surface,surface,1467,1466,0.33476572401243865
489,2,surface,surface,1467,1467,0.0
489,2,surface,surface,1467,1468,0.3118566606424171
489,2,surface,region,1468,2496,0.05311165518335348
489,2,surface,region,1468,2497,0.05312154621299416
489,2,surface,region,1468,2498,0.03558046946812612
489,2,surface,surface,1468,1465,0.1788253870843378
489,2,surface,surface,1468,1466,0.5005665567015453
489,2,surface,surface,1468,1467,0.1787943853496431
489,2,surface,surface,1468,1468,0.0
489,3,region,region,2496,2496,0.08787009153105549
489,3,region,region,2496,2497,0.011277362717093627
489,3,region,region,2496,2498,0.01794454188287262
489,3,region,surface,2496,1465,0.29110719066507007
489,3,region,surface,2496,1466,0.20209773202066522
489,3,region,surface,2496,1467,0.07736407054665177
489,3,region,surface,2496,1468,0.31233901063659125
489,3,region,region,2497,2496,0.011277362717093627
489,3,region,region,2497,2497,0.08787009153105549
489,3,region,region,2497,2498,0.01794454188287262
489,3,region,surface,2497,1465,0.07736407054665177
489,3,region,surface,2497,1466,0.20209773202066522
489,3,region,surface,2497,1467,0.29110719066507007
489,3,region,surface,2497,1468,0.31233901063659125
489,3,region,region,2498,2496,0.02405442834979414
489,3,region,region,2498,2497,0.024005571778843045
489,3,region,region,2498,2498,0.03668008227497663
489,3,region,surface,2498,1465,0.15761036079619262
489,3,region,surface,2498,1466,0.3428521580143327
489,3,region,surface,2498,1467,0.15764315901731932
489,3,region,surface,2498,1468,0.2571542397685417
489,3,surface,region,1465,2496,0.08753293420342627
489,3,surface,region,1465,2497,0.023320109767850747
489,3,surface,region,1465,2498,0.03502453775718942
489,3,surface,surface,1465,1465,0.0
489,3,surface,surface,1465,1466,0.33534190522911866
489,3,surface,surface,1465,1467,0.2069354498639494
489,3,surface,surface,1465,1468,0.3118450631784655
489,3,surface,region,1466,2496,0.03485758774833879
489,3,surface,region,1466,2497,0.034858186807902404
489,3,surface,region,1466,2498,0.043646662906024876
489,3,surface,surface,1466,1465,0.1922360355675823
489,3,surface,surface,1466,1466,0.0
489,3,surface,surface,1466,1467,0.19225237355568103
489,3,surface,surface,1466,1468,0.5021491534144708
489,3,surface,region,1467,2496,0.02331099609925075
489,3,surface,region,1467,2497,0.0875609503947689
489,3,surface,region,1467,2498,0.03502246075970921
489,3,surface,surface,1467,1465,0.20692537873907318
489,3,surface,surface,1467,1466,0.3353426201799825
489,3,surface,surface,1467,1467,0.0
489,3,surface,surface,1467,1468,0.31183759382721543
489,3,surface,region,1468,2496,0.05383979752672067
489,3,surface,region,1468,2497,0.05384676794687146
489,3,surface,region,1468,2498,0.032752806247587585
489,3,surface,surface,1468,1465,0.1786970672828518
489,3,surface,surface,1468,1466,0.5021654045849681
489,3,surface,surface,1468,1467,0.17869815641100034
489,3,surface,surface,1468,1468,0.0
489,4,region,region,2496,2496,0.09673421359637353
489,4,region,region,2496,2497,0.01212338299247401
489,4,region,region,2496,2498,0.020225281942350844
489,4,region,surface,2496,1465,0.2880091575229858
489,4,region,surface,2496,1466,0.19901962966511091
489,4,region,surface,2496,1467,0.07509289128713213
489,4,region,surface,2496,1468,0.3087954429935729
489,4,region,region,2497,2496,0.01212338299247401
489,4,region,region,2497,2497,0.09673421359637353
489,4,region,region,2497,2498,0.020225281942350844
489,4,region,surface,2497,1465,0.07509289128713213
489,4,region,surface,2497,1466,0.19901962966511091
489,4,region,surface,2497,1467,0.2880091575229858
489,4,region,surface,2497,1468,0.3087954429935729
489,4,region,region,2498,2496,0.02627003949227463
489,4,region,region,2498,2497,0.02631156650377501
489,4,region,region,2498,2498,0.044134803788338464
489,4,region,surface,2498,1465,0.1550214609688139
489,4,region,surface,2498,1466,0.34022889792773275
489,4,region,surface,2498,1467,0.15499068416488354
489,4,region,surface,2498,1468,0.2530425471541816
489,4,surface,region,1465,2496,0.09593545566002466
489,4,surface,region,1465,2497,0.025082032844410088
489,4,surface,region,1465,2498,0.038546397216502534
489,4,surface,surface,1465,1465,0.0
489,4,surface,surface,1465,1466,0.3321044830071293
489,4,surface,surface,1465,1467,0.2017586121863687
489,4,surface,surface,1465,1468,0.30657301908556467
489,4,surface,region,1466,2496,0.038068108256149785
489,4,surface,region,1466,2497,0.03805379195299273
489,4,surface,region,1466,2498,0.048405039338711285
489,4,surface,surface,1466,1465,0.1904261278757096
489,4,surface,surface,1466,1466,0.0
489,4,surface,surface,1466,1467,0.19046658699332736
489,4,surface,surface,1466,1468,0.49458034558310926
489,4,surface,region,1467,2496,0.025076379679731434
489,4,surface,region,1467,2497,0.09592725316662004
489,4,surface,region,1467,2498,0.03850445780226966
489,4,surface,surface,1467,1465,0.2017311750162847
489,4,surface,surface,1467,1466,0.3320856112594892
489,4,surface,surface,1467,1467,0.0
489,4,surface,surface,1467,1468,0.30667512307560507
489,4,surface,region,1468,2496,0.05895002650021197
489,4,surface,region,1468,2497,0.05898319844239994
489,4,surface,region,1468,2498,0.036057776685738355
489,4,surface,surface,1468,1465,0.1757316311459269
489,4,surface,surface,1468,1466,0.49458618966782997
489,4,surface,surface,1468,1467,0.17569117755789282
489,4,surface,surface,1468,1468,0.0
489,5,region,region,2496,2496,0.10316264730140248
489,5,region,region,2496,2497,0.012807166909546593
489,5,region,region,2496,2498,0.01911528665571568
489,5,region,surface,2496,1465,0.28594100992540766
489,5,region,surface,2496,1466,0.19826548038559358
489,5,region,surface,2496,1467,0.07412312728306607
489,5,region,surface,2496,1468,0.30658528153926806
489,5,region,region,2497,2496,0.012807166909546593
489,5,region,region,2497,2497,0.10316264730140248
489,5,region,region,2497,2498,0.01911528665571568
489,5,region,surface,2497,1465,0.07412312728306607
489,5,region,surface,2497,1466,0.19826548038559358
489,5,region,surface,2497,1467,0.28594100992540766
489,5,region,surface,2497,1468,0.30658528153926806
489,5,region,region,2498,2496,0.028009602342270033
489,5,region,region,2498,2497,0.0280684937527568
489,5,region,region,2498,2498,0.03880601685500419
489,5,region,surface,2498,1465,0.15501208007341216
489,5,region,surface,2498,1466,0.342257428371828
489,5,region,surface,2498,1467,0.1549946951551873
489,5,region,surface,2498,1468,0.25285168344954156
489,5,surface,region,1465,2496,0.10076282806646067
489,5,surface,region,1465,2497,0.026136737987300648
489,5,surface,region,1465,2498,0.038235623522339425
489,5,surface,surface,1465,1465,0.0
489,5,surface,surface,1465,1466,0.33108759237579444
489,5,surface,surface,1465,1467,0.19969349034147235
489,5,surface,surface,1465,1468,0.3040837277066325
489,5,surface,region,1466,2496,0.04004398546702112
489,5,surface,region,1466,2497,0.0400218845802348
489,5,surface,region,1466,2498,0.04820697151313251
489,5,surface,surface,1466,1465,0.18998925442344938
489,5,surface,surface,1466,1466,0.0
489,5,surface,surface,1466,1467,0.18998141722955353
489,5,surface,surface,1466,1468,0.49175648678660866
489,5,surface,region,1467,2496,0.026159878367745023
489,5,surface,region,1467,2497,0.10076725797103986
489,5,surface,region,1467,2498,0.038251446078746434
489,5,surface,surface,1467,1465,0.19968727666770505
489,5,surface,surface,1467,1466,0.33109042638297476
489,5,surface,surface,1467,1467,0.0
489,5,surface,surface,1467,1468,0.3040437145317888
489,5,surface,region,1468,2496,0.06188222938492023
489,5,surface,region,1468,2497,0.061908967313000544
489,5,surface,region,1468,2498,0.03570556256326245
489,5,surface,surface,1468,1465,0.17425758535809102
489,5,surface,surface,1468,1466,0.49197866078108154
489,5,surface,surface,1468,1467,0.17426699459964423
489,5,surface,surface,1468,1468,0.0
489,6,region,region,2496,2496,0.11440788318161721
489,6,region,region,2496,2497,0.012614826793288555
489,6,region,region,2496,2498,0.03755546268873667
489,6,region,surface,2496,1465,0.2813965554485568
489,6,region,surface,2496,1466,0.18570698903565883
489,6,region,surface,2496,1467,0.06767245469209603
489,6,region,surface,2496,1468,0.30064582816004587
489,6,region,region,2497,2496,0.012614826793288555
489,6,region,region,2497,2497,0.11440788318161721
489,6,region,region,2497,2498,0.03755546268873667
489,6,region,surface,2497,1465,0.06767245469209603
489,6,region,surface,2497,1466,0.18570698903565883
489,6,region,surface,2497,1467,0.2813965554485568
489,6,region,surface,2497,1468,0.30064582816004587
489,6,region,region,2498,2496,0.02636731871348696
489,6,region,region,2498,2497,0.026376020292081283
489,6,region,region,2498,2498,0.18853761526072615
489,6,region,surface,2498,1465,0.12817246119287892
489,6,region,surface,2498,1466,0.2905329128252823
489,6,region,surface,2498,1467,0.12822850959617765
489,6,region,surface,2498,1468,0.2117851621193667
489,6,surface,region,1465,2496,0.10409658965716082
489,6,surface,region,1465,2497,0.0252395901212806
489,6,surface,region,1465,2498,0.07155297294509792
489,6,surface,surface,1465,1465,0.0
489,6,surface,surface,1465,1466,0.3174708284303844
489,6,surface,surface,1465,1467,0.18477622628418197
489,6,surface,surface,1465,1468,0.2968637925618944
489,6,surface,region,1466,2496,0.03969832721651133
489,6,surface,region,1466,2497,0.03969975366851991
489,6,surface,region,1466,2498,0.09172254233017313
489,6,surface,surface,1466,1465,0.1824860054569341
489,6,surface,surface,1466,1466,0.0
489,6,surface,surface,1466,1467,0.18243314282367515
489,6,surface,surface,1466,1468,0.46396022850418633
489,6,surface,region,1467,2496,0.025251316208943192
489,6,surface,region,1467,2497,0.10414488612389945
489,6,surface,region,1467,2498,0.07154893648442115
489,6,surface,surface,1467,1465,0.1847688371417052
489,6,surface,surface,1467,1466,0.3175134316602751
489,6,surface,surface,1467,1467,0.0
489,6,surface,surface,1467,1468,0.29677259238075593
489,6,surface,region,1468,2496,0.063712739723955
489,6,surface,region,1468,2497,0.0637045030870579
489,6,surface,region,1468,2498,0.06766077831175839
489,6,surface,surface,1468,1465,0.1700957971299523
489,6,surface,surface,1468,1466,0.46469592521806075
489,6,surface,surface,1468,1467,0.1701302565292157
489,6,surface,surface,1468,1468,0.0
489,7,region,region,2496,2496,0.13133382609161248
489,7,region,region,2496,2497,0.014381660600089555
489,7,region,region,2496,2498,0.015010986833295981
489,7,region,surface,2496,1465,0.2768793648077921
489,7,region,surface,2496,1466,0.19448492883241697
489,7,region,surface,2496,1467,0.07127880092867381
489,7,region,surface,2496,1468,0.29663043190611904
489,7,region,region,2497,2496,0.014381660600089555
489,7,region,region,2497,2497,0.13133382609161248
489,7,region,region,2497,2498,0.015010986833295981
489,7,region,surface,2497,1465,0.07127880092867381
489,7,region,surface,2497,1466,0.19448492883241697
489,7,region,surface,2497,1467,0.2768793648077921
489,7,region,surface,2497,1468,0.29663043190611904
489,7,region,region,2498,2496,0.034016518260276074
489,7,region,region,2498,2497,0.03414161838941079
489,7,region,region,2498,2498,0.03165397500406961
489,7,region,surface,2498,1465,0.15281338002617437
489,7,region,surface,2498,1466,0.3449569518267841
489,7,region,surface,2498,1467,0.1532868833145006
489,7,region,surface,2498,1468,0.24913067317878448
489,7,surface,region,1465,2496,0.1085567682666672
489,7,surface,region,1465,2497,0.02824532110466838
489,7,surface,region,1465,2498,0.031026841207382833
489,7,surface,surface,1465,1465,0.0
489,7,surface,surface,1465,1466,0.33036815904650174
489,7,surface,surface,1465,1467,0.20107825119012526
489,7,surface,surface,1465,1468,0.3007246591846546
489,7,surface,region,1466,2496,0.043952039419241785
489,7,surface,region,1466,2497,0.043986102867840424
489,7,surface,region,1466,2498,0.03927232547672315
489,7,surface,surface,1466,1465,0.19038165216217975
489,7,surface,surface,1466,1466,0.0
489,7,surface,surface,1466,1467,0.19042694428220008
489,7,surface,surface,1466,1468,0.4919809357918148
489,7,surface,region,1467,2496,0.02821644514031248
489,7,surface,region,1467,2497,0.10867716633291703
489,7,surface,region,1467,2498,0.03102890872358196
489,7,surface,surface,1467,1465,0.2011464460649987
489,7,surface,surface,1467,1466,0.33038164486346705
489,7,surface,surface,1467,1467,0.0
489,7,surface,surface,1467,1468,0.3005493888747228
489,7,surface,region,1468,2496,0.06664107689096531
489,7,surface,region,1468,2497,0.0666158026488731
489,7,surface,region,1468,2498,0.02886223786848212
489,7,surface,surface,1468,1465,0.1721289478579133
489,7,surface,surface,1468,1466,0.4935349529989023
489,7,surface,surface,1468,1467,0.17221698173486374
489,7,surface,surface,1468,1468,0.0
